yil;Il;toplam;"Hastalık
Illness";"Aile
geçimsizliği
Family
incompatibility";"Geçim
zorluğu
Economic
problems";"Ticari
başarısızlık
Business
failure";"Hissi0ilişki0ve
istediği0ile0evlenememe
Emotional0relationship
and0not0marrying
the0person0wanted";"Öğrenim
başarısızlığı
Educational
failure";"Diğer
Other";"Bilinmeyen
Unknown";;;;;;;;;
2024;Türkiye;4460;1123;190;402;6;116;9;1642;972;;;;;;;;;
2024;Adana;170;63;5;17;1;2;1;38;43;;;;;;;;;
2024;Adıyaman;30;5;0;2;0;0;0;12;11;;;;;;;;;
2024;Afyonkarahisar;47;5;2;5;0;3;0;13;19;;;;;;;;;
2024;Ağrı;16;2;1;0;0;1;0;8;4;;;;;;;;;
2024;Amasya;9;3;1;0;0;0;0;2;3;;;;;;;;;
2024;Ankara;300;110;24;37;0;10;1;101;17;;;;;;;;;
2024;Antalya;168;43;7;19;0;4;0;55;40;;;;;;;;;
2024;Artvin;9;4;0;0;0;1;0;2;2;;;;;;;;;
2024;Aydın;94;25;3;3;0;4;0;34;25;;;;;;;;;
2024;Balıkesir;76;20;1;6;0;1;0;22;26;;;;;;;;;
2024;Bilecik;12;1;1;3;0;0;0;3;4;;;;;;;;;
2024;Bingöl;13;0;1;0;0;1;0;6;5;;;;;;;;;
2024;Bitlis;21;6;1;1;0;0;0;5;8;;;;;;;;;
2024;Bolu;16;3;0;0;0;0;0;6;7;;;;;;;;;
2024;Burdur;22;3;2;1;0;1;0;10;5;;;;;;;;;
2024;Bursa;164;46;6;14;0;3;0;62;33;;;;;;;;;
2024;Çanakkale;36;10;1;1;0;0;0;15;9;;;;;;;;;
2024;Çankırı;16;9;2;0;0;1;0;3;1;;;;;;;;;
2024;Çorum;33;7;3;4;0;0;0;7;12;;;;;;;;;
2024;Denizli;64;19;2;4;0;0;0;20;19;;;;;;;;;
2024;Diyarbakır;83;16;2;9;1;2;0;26;27;;;;;;;;;
2024;Edirne;21;3;1;0;0;1;0;9;7;;;;;;;;;
2024;Elazığ;26;4;5;0;0;0;0;11;6;;;;;;;;;
2024;Erzincan;11;3;0;0;0;1;0;3;4;;;;;;;;;
2024;Erzurum;28;4;1;2;1;0;1;9;10;;;;;;;;;
2024;Eskişehir;61;8;2;5;0;1;0;34;11;;;;;;;;;
2024;Gaziantep;97;33;5;8;0;3;0;41;7;;;;;;;;;
2024;Giresun;10;2;0;2;0;0;0;4;2;;;;;;;;;
2024;Gümüşhane;8;2;0;0;0;0;0;3;3;;;;;;;;;
2024;Hakkari;17;1;1;2;0;0;0;8;5;;;;;;;;;
2024;Hatay;53;10;1;6;0;0;0;16;20;;;;;;;;;
2024;Isparta;32;4;0;3;0;0;0;13;12;;;;;;;;;
2024;Mersin;127;29;5;9;0;2;0;58;24;;;;;;;;;
2024;İstanbul;631;185;33;66;2;15;1;313;16;;;;;;;;;
2024;İzmir;265;80;8;30;0;6;1;87;53;;;;;;;;;
2024;Kars;14;0;0;0;0;0;0;7;7;;;;;;;;;
2024;Kastamonu;17;3;0;0;0;0;0;3;11;;;;;;;;;
2024;Kayseri;93;24;4;7;0;4;0;37;17;;;;;;;;;
2024;Kırklareli;17;5;0;1;0;0;0;5;6;;;;;;;;;
2024;Kırşehir;17;6;0;2;0;0;0;3;6;;;;;;;;;
2024;Kocaeli;99;13;1;15;0;2;0;42;26;;;;;;;;;
2024;Konya;153;33;3;10;0;10;1;56;40;;;;;;;;;
2024;Kütahya;33;12;1;2;0;0;0;9;9;;;;;;;;;
2024;Malatya;51;13;2;4;0;1;0;23;8;;;;;;;;;
2024;Manisa;78;17;5;8;0;3;0;23;22;;;;;;;;;
2024;Kahramanmaraş;56;11;3;4;0;2;0;12;24;;;;;;;;;
2024;Mardin;37;4;1;4;0;1;0;16;11;;;;;;;;;
2024;Muğla;63;10;2;3;0;2;0;16;30;;;;;;;;;
2024;Muş;21;2;0;2;0;1;2;8;6;;;;;;;;;
2024;Nevşehir;19;1;5;2;0;1;0;5;5;;;;;;;;;
2024;Niğde;22;5;0;5;0;1;0;6;5;;;;;;;;;
2024;Ordu;49;9;3;1;0;1;0;21;14;;;;;;;;;
2024;Rize;10;5;0;1;0;0;0;0;4;;;;;;;;;
2024;Sakarya;37;5;4;6;0;1;0;17;4;;;;;;;;;
2024;Samsun;81;25;1;10;0;1;0;26;18;;;;;;;;;
2024;Siirt;16;2;2;0;0;0;0;9;3;;;;;;;;;
2024;Sinop;2;0;0;0;0;0;0;2;0;;;;;;;;;
2024;Sivas;28;10;0;2;0;1;0;9;6;;;;;;;;;
2024;Tekirdağ;67;14;5;12;0;3;0;22;11;;;;;;;;;
2024;Tokat;33;12;1;0;0;0;0;5;15;;;;;;;;;
2024;Trabzon;29;6;0;5;0;2;0;8;8;;;;;;;;;
2024;Tunceli;7;0;0;0;0;0;0;5;2;;;;;;;;;
2024;Şanlıurfa;116;27;5;7;0;1;1;45;30;;;;;;;;;
2024;Uşak;26;10;0;3;0;3;0;3;7;;;;;;;;;
2024;Van;54;7;4;0;0;0;0;19;24;;;;;;;;;
2024;Yozgat;26;6;1;2;0;2;0;7;8;;;;;;;;;
2024;Zonguldak;32;7;0;3;0;1;0;11;10;;;;;;;;;
2024;Aksaray;24;4;1;0;0;0;0;11;8;;;;;;;;;
2024;Bayburt;4;0;0;0;0;1;0;0;3;;;;;;;;;
2024;Karaman;29;10;1;3;0;3;0;5;7;;;;;;;;;
2024;Kırıkkale;22;4;0;1;1;0;0;9;7;;;;;;;;;
2024;Batman;42;2;2;4;0;1;0;19;14;;;;;;;;;
2024;Şırnak;27;4;1;4;0;1;0;12;5;;;;;;;;;
2024;Bartın0;19;2;1;2;0;1;0;5;8;;;;;;;;;
2024;Ardahan;3;0;0;0;0;0;0;1;2;;;;;;;;;
2024;Iğdır;13;3;0;1;0;0;0;5;4;;;;;;;;;
2024;Yalova;13;5;0;0;0;0;0;6;2;;;;;;;;;
2024;Karabük;18;5;1;1;0;1;0;8;2;;;;;;;;;
2024;Kilis0;10;1;0;3;0;0;0;4;2;;;;;;;;;
2024;Osmaniye;20;3;1;1;0;1;0;9;5;;;;;;;;;
2024;Düzce;27;8;2;2;0;0;0;9;6;;;;;;;;;
2023;Türkiye;4089;1068;184;275;8;107;4;1258;1185;;;;;;;;;
2023;Adana;146;54;11;7;0;2;0;37;35;;;;;;;;;
2023;Adıyaman;20;3;0;0;0;0;0;7;10;;;;;;;;;
2023;Afyonkarahisar;44;9;3;1;0;0;0;11;20;;;;;;;;;
2023;Ağrı;21;2;2;2;0;0;0;5;10;;;;;;;;;
2023;Amasya;19;2;1;2;0;0;0;4;10;;;;;;;;;
2023;Ankara;293;105;21;23;1;12;0;106;25;;;;;;;;;
2023;Antalya;160;36;7;10;0;3;0;44;60;;;;;;;;;
2023;Artvin;5;2;0;0;0;0;0;1;2;;;;;;;;;
2023;Aydın;78;20;3;7;0;3;1;22;22;;;;;;;;;
2023;Balıkesir;90;19;1;5;1;2;0;23;39;;;;;;;;;
2023;Bilecik;7;0;3;0;0;0;0;0;4;;;;;;;;;
2023;Bingöl;11;4;1;0;0;0;0;4;2;;;;;;;;;
2023;Bitlis;13;3;1;1;0;1;0;4;3;;;;;;;;;
2023;Bolu;15;4;0;1;0;0;0;5;5;;;;;;;;;
2023;Burdur;19;2;0;1;0;0;0;8;8;;;;;;;;;
2023;Bursa;142;31;3;10;1;3;0;49;45;;;;;;;;;
2023;Çanakkale;38;7;3;3;0;1;0;7;17;;;;;;;;;
2023;Çankırı;7;3;1;0;0;0;0;2;1;;;;;;;;;
2023;Çorum;29;5;1;3;0;1;0;5;14;;;;;;;;;
2023;Denizli;76;19;4;7;0;5;0;17;24;;;;;;;;;
2023;Diyarbakır;95;25;3;4;0;0;0;34;29;;;;;;;;;
2023;Edirne;35;10;0;1;0;0;0;8;16;;;;;;;;;
2023;Elazığ;17;8;0;1;0;1;0;3;4;;;;;;;;;
2023;Erzincan;17;7;0;2;0;1;0;1;6;;;;;;;;;
2023;Erzurum;25;5;1;3;0;0;0;6;10;;;;;;;;;
2023;Eskişehir;44;13;1;5;0;0;0;12;13;;;;;;;;;
2023;Gaziantep;86;33;3;3;0;4;0;30;13;;;;;;;;;
2023;Giresun;19;8;1;1;0;1;0;5;3;;;;;;;;;
2023;Gümüşhane;5;0;0;0;0;0;0;1;4;;;;;;;;;
2023;Hakkari;24;5;0;1;0;0;0;6;12;;;;;;;;;
2023;Hatay;38;9;0;4;0;1;0;8;16;;;;;;;;;
2023;Isparta;28;9;2;1;0;0;0;7;9;;;;;;;;;
2023;Mersin;127;43;4;8;0;1;0;35;36;;;;;;;;;
2023;İstanbul;563;171;17;45;2;15;1;291;21;;;;;;;;;
2023;İzmir;240;59;8;10;0;12;1;79;71;;;;;;;;;
2023;Kars;19;4;0;2;0;0;0;4;9;;;;;;;;;
2023;Kastamonu;22;5;0;1;0;0;0;7;9;;;;;;;;;
2023;Kayseri;102;28;1;6;0;0;0;33;34;;;;;;;;;
2023;Kırklareli;22;5;1;1;0;0;0;5;10;;;;;;;;;
2023;Kırşehir;18;6;1;0;0;1;0;7;3;;;;;;;;;
2023;Kocaeli;91;21;3;4;0;5;0;34;24;;;;;;;;;
2023;Konya;142;29;13;10;1;4;0;34;51;;;;;;;;;
2023;Kütahya;24;8;1;1;0;0;0;3;11;;;;;;;;;
2023;Malatya;34;6;3;4;0;1;0;5;15;;;;;;;;;
2023;Manisa;88;20;4;10;1;1;0;21;31;;;;;;;;;
2023;Kahramanmaraş;51;8;6;3;0;0;0;9;25;;;;;;;;;
2023;Mardin;27;6;1;2;0;1;0;7;10;;;;;;;;;
2023;Muğla;76;11;2;3;0;2;0;16;42;;;;;;;;;
2023;Muş;22;1;1;0;0;0;0;3;17;;;;;;;;;
2023;Nevşehir;20;4;0;3;0;2;0;5;6;;;;;;;;;
2023;Niğde;14;2;2;2;0;0;0;5;3;;;;;;;;;
2023;Ordu;39;6;1;3;0;0;0;12;17;;;;;;;;;
2023;Rize;11;3;0;0;0;1;0;2;5;;;;;;;;;
2023;Sakarya;33;8;3;4;0;2;0;8;8;;;;;;;;;
2023;Samsun;70;15;3;6;0;3;0;16;27;;;;;;;;;
2023;Siirt;11;3;0;0;0;0;0;3;5;;;;;;;;;
2023;Sinop;13;2;0;1;0;0;0;6;4;;;;;;;;;
2023;Sivas;33;8;2;1;0;0;0;10;12;;;;;;;;;
2023;Tekirdağ;67;17;3;3;0;2;0;20;22;;;;;;;;;
2023;Tokat;24;5;3;1;0;0;0;6;9;;;;;;;;;
2023;Trabzon;21;6;0;0;0;2;0;4;9;;;;;;;;;
2023;Tunceli;4;1;0;0;0;0;0;0;3;;;;;;;;;
2023;Şanlıurfa;71;21;2;4;0;1;0;23;20;;;;;;;;;
2023;Uşak;22;5;1;1;0;0;0;3;12;;;;;;;;;
2023;Van;51;13;8;2;0;0;0;15;13;;;;;;;;;
2023;Yozgat;23;5;1;2;0;0;1;3;11;;;;;;;;;
2023;Zonguldak;27;7;0;2;0;1;0;1;16;;;;;;;;;
2023;Aksaray;23;1;0;2;0;1;0;5;14;;;;;;;;;
2023;Bayburt;2;1;0;0;0;0;0;0;1;;;;;;;;;
2023;Karaman;16;6;1;1;0;0;0;2;6;;;;;;;;;
2023;Kırıkkale;21;3;1;4;0;1;0;2;10;;;;;;;;;
2023;Batman;27;7;1;0;0;0;0;9;10;;;;;;;;;
2023;Şırnak;18;5;2;3;0;2;0;2;4;;;;;;;;;
2023;Bartın0;13;2;1;1;0;0;0;3;6;;;;;;;;;
2023;Ardahan;8;2;1;0;0;0;0;2;3;;;;;;;;;
2023;Iğdır;10;2;0;4;0;1;0;2;1;;;;;;;;;
2023;Yalova;12;2;1;1;0;1;0;4;3;;;;;;;;;
2023;Karabük;10;6;0;1;0;0;0;1;2;;;;;;;;;
2023;Kilis0;3;1;0;1;0;0;0;1;0;;;;;;;;;
2023;Osmaniye;30;4;2;1;1;2;0;8;12;;;;;;;;;
2023;Düzce;8;2;2;2;0;1;0;0;1;;;;;;;;;
2022;Türkiye;4218;1110;187;300;5;109;12;1299;1196;;;;;;;;;
2022;Adana;132;45;2;14;0;4;0;34;33;;;;;;;;;
2022;Adıyaman;40;14;1;2;0;2;0;10;11;;;;;;;;;
2022;Afyonkarahisar;41;10;1;0;0;0;2;9;19;;;;;;;;;
2022;Ağrı;18;4;0;0;0;0;0;6;8;;;;;;;;;
2022;Amasya;11;3;0;1;0;0;0;2;5;;;;;;;;;
2022;Ankara;277;101;24;20;2;9;0;99;22;;;;;;;;;
2022;Antalya;158;49;4;11;0;4;2;43;45;;;;;;;;;
2022;Artvin;7;0;0;1;0;0;0;3;3;;;;;;;;;
2022;Aydın;76;26;4;6;0;2;0;19;19;;;;;;;;;
2022;Balıkesir;78;22;2;2;0;1;0;20;31;;;;;;;;;
2022;Bilecik;13;1;0;0;0;1;0;3;8;;;;;;;;;
2022;Bingöl;14;5;0;0;0;0;0;8;1;;;;;;;;;
2022;Bitlis;16;4;0;1;0;0;0;3;8;;;;;;;;;
2022;Bolu;19;4;0;1;0;0;0;5;9;;;;;;;;;
2022;Burdur;19;3;0;2;0;0;0;4;10;;;;;;;;;
2022;Bursa;155;50;8;14;0;3;1;39;40;;;;;;;;;
2022;Çanakkale;40;10;1;2;0;1;0;11;15;;;;;;;;;
2022;Çankırı;8;3;1;1;0;0;0;1;2;;;;;;;;;
2022;Çorum;39;6;0;5;0;2;0;8;18;;;;;;;;;
2022;Denizli;75;16;2;6;0;4;0;22;25;;;;;;;;;
2022;Diyarbakır;111;21;9;4;0;5;0;44;28;;;;;;;;;
2022;Edirne;25;8;0;4;0;0;0;3;10;;;;;;;;;
2022;Elazığ;26;5;0;1;0;0;1;10;9;;;;;;;;;
2022;Erzincan;15;3;1;1;0;0;0;2;8;;;;;;;;;
2022;Erzurum;27;8;1;3;0;0;0;8;7;;;;;;;;;
2022;Eskişehir;58;13;1;6;0;2;0;25;11;;;;;;;;;
2022;Gaziantep;89;23;6;9;0;2;0;31;18;;;;;;;;;
2022;Giresun;12;4;0;0;0;0;0;7;1;;;;;;;;;
2022;Gümüşhane;1;0;0;0;0;0;0;0;1;;;;;;;;;
2022;Hakkari;16;4;1;2;0;0;0;3;6;;;;;;;;;
2022;Hatay;66;10;3;3;0;2;0;26;22;;;;;;;;;
2022;Isparta;30;15;1;0;0;0;0;2;12;;;;;;;;;
2022;Mersin;142;37;9;8;0;4;0;46;38;;;;;;;;;
2022;İstanbul;540;167;15;49;2;22;0;237;48;;;;;;;;;
2022;İzmir;211;51;3;23;1;7;2;67;57;;;;;;;;;
2022;Kars;20;4;3;3;0;0;0;2;8;;;;;;;;;
2022;Kastamonu;19;3;1;2;0;0;0;6;7;;;;;;;;;
2022;Kayseri;97;33;5;6;0;2;1;29;21;;;;;;;;;
2022;Kırklareli;19;5;2;1;0;0;0;4;7;;;;;;;;;
2022;Kırşehir;23;5;1;2;0;0;0;9;6;;;;;;;;;
2022;Kocaeli;93;21;7;7;0;5;0;30;23;;;;;;;;;
2022;Konya;110;17;4;6;0;2;1;45;35;;;;;;;;;
2022;Kütahya;28;4;3;1;0;2;0;6;12;;;;;;;;;
2022;Malatya;37;10;4;1;0;1;0;11;10;;;;;;;;;
2022;Manisa;72;16;5;6;0;1;1;14;29;;;;;;;;;
2022;Kahramanmaraş;61;16;3;0;0;0;0;12;30;;;;;;;;;
2022;Mardin;32;6;1;0;0;0;0;9;16;;;;;;;;;
2022;Muğla;86;11;1;6;0;3;0;10;55;;;;;;;;;
2022;Muş;19;8;0;0;0;0;0;4;7;;;;;;;;;
2022;Nevşehir;14;3;1;0;0;2;0;3;5;;;;;;;;;
2022;Niğde;18;5;0;2;0;0;0;5;6;;;;;;;;;
2022;Ordu;51;10;4;2;0;1;0;10;24;;;;;;;;;
2022;Rize;16;5;2;0;0;0;0;1;8;;;;;;;;;
2022;Sakarya;37;14;2;6;0;0;0;8;7;;;;;;;;;
2022;Samsun;83;25;2;4;0;2;1;25;24;;;;;;;;;
2022;Siirt;23;4;4;0;0;1;0;5;9;;;;;;;;;
2022;Sinop;12;4;1;0;0;0;0;4;3;;;;;;;;;
2022;Sivas;33;8;2;1;0;4;0;9;9;;;;;;;;;
2022;Tekirdağ;70;14;5;7;0;0;0;18;26;;;;;;;;;
2022;Tokat;31;6;2;2;0;0;0;8;13;;;;;;;;;
2022;Trabzon;30;14;1;1;0;1;0;6;7;;;;;;;;;
2022;Tunceli;12;1;0;0;0;0;0;3;8;;;;;;;;;
2022;Şanlıurfa;67;14;3;6;0;0;0;28;16;;;;;;;;;
2022;Uşak;38;14;4;3;0;0;0;8;9;;;;;;;;;
2022;Van;53;7;4;3;0;1;0;20;18;;;;;;;;;
2022;Yozgat;21;4;0;1;0;1;0;10;5;;;;;;;;;
2022;Zonguldak;41;9;1;1;0;0;0;9;21;;;;;;;;;
2022;Aksaray;17;4;0;1;0;0;0;4;8;;;;;;;;;
2022;Bayburt;2;0;0;0;0;0;0;1;1;;;;;;;;;
2022;Karaman;22;5;1;2;0;1;0;4;9;;;;;;;;;
2022;Kırıkkale;18;2;0;3;0;0;0;6;7;;;;;;;;;
2022;Batman;33;8;1;2;0;1;0;9;12;;;;;;;;;
2022;Şırnak;30;6;1;0;0;1;0;13;9;;;;;;;;;
2022;Bartın0;15;1;1;0;0;0;0;2;11;;;;;;;;;
2022;Ardahan;6;0;0;1;0;0;0;3;2;;;;;;;;;
2022;Iğdır;19;1;0;0;0;0;0;8;10;;;;;;;;;
2022;Yalova;12;2;0;2;0;0;0;3;5;;;;;;;;;
2022;Karabük;20;7;1;0;0;0;0;4;8;;;;;;;;;
2022;Kilis0;9;2;0;2;0;0;0;2;3;;;;;;;;;
2022;Osmaniye;29;4;4;4;0;0;0;5;12;;;;;;;;;
2022;Düzce;15;3;0;1;0;0;0;4;7;;;;;;;;;
2021;Türkiye;4194;1085;191;324;5;95;6;1596;892;;;;;;;;;
2021;Adana;128;44;7;5;0;3;0;46;23;;;;;;;;;
2021;Adıyaman;23;4;1;2;0;1;0;7;8;;;;;;;;;
2021;Afyonkarahisar;37;3;2;4;0;0;1;13;14;;;;;;;;;
2021;Ağrı;25;4;0;0;0;1;0;9;11;;;;;;;;;
2021;Amasya;14;5;0;0;0;1;0;5;3;;;;;;;;;
2021;Ankara;268;86;12;39;0;7;0;114;10;;;;;;;;;
2021;Antalya;150;39;7;5;0;2;0;41;56;;;;;;;;;
2021;Artvin;7;5;0;0;0;0;0;1;1;;;;;;;;;
2021;Aydın;81;16;5;2;0;1;0;38;19;;;;;;;;;
2021;Balıkesir;72;20;2;4;0;3;0;29;14;;;;;;;;;
2021;Bilecik;8;3;0;0;0;0;0;2;3;;;;;;;;;
2021;Bingöl;19;0;0;0;0;0;0;9;10;;;;;;;;;
2021;Bitlis;14;2;1;2;0;0;0;7;2;;;;;;;;;
2021;Bolu;14;3;0;0;0;0;0;8;3;;;;;;;;;
2021;Burdur;17;3;0;1;0;0;0;4;9;;;;;;;;;
2021;Bursa;164;46;3;10;1;4;0;55;45;;;;;;;;;
2021;Çanakkale;36;8;0;4;0;0;0;12;12;;;;;;;;;
2021;Çankırı;8;3;1;1;0;0;0;2;1;;;;;;;;;
2021;Çorum;26;5;3;3;0;0;0;7;8;;;;;;;;;
2021;Denizli;82;22;9;2;0;1;0;29;19;;;;;;;;;
2021;Diyarbakır;107;19;5;6;0;3;0;51;23;;;;;;;;;
2021;Edirne;26;3;0;5;1;1;0;5;11;;;;;;;;;
2021;Elazığ;45;12;0;3;0;2;0;24;4;;;;;;;;;
2021;Erzincan;10;2;0;0;0;0;1;3;4;;;;;;;;;
2021;Erzurum;44;8;4;3;0;1;0;18;10;;;;;;;;;
2021;Eskişehir;54;13;0;5;0;0;0;23;13;;;;;;;;;
2021;Gaziantep;99;30;6;9;0;2;0;45;7;;;;;;;;;
2021;Giresun;21;8;0;1;0;0;0;10;2;;;;;;;;;
2021;Gümüşhane;2;0;0;0;0;0;0;2;0;;;;;;;;;
2021;Hakkari;19;2;1;0;0;1;0;4;11;;;;;;;;;
2021;Hatay;64;15;3;4;0;1;0;30;11;;;;;;;;;
2021;Isparta;28;7;2;3;0;0;0;10;6;;;;;;;;;
2021;Mersin;120;30;4;6;0;5;0;58;17;;;;;;;;;
2021;İstanbul;577;162;30;68;2;15;0;255;45;;;;;;;;;
2021;İzmir;280;78;12;24;0;4;0;119;43;;;;;;;;;
2021;Kars;23;0;1;1;0;1;1;7;12;;;;;;;;;
2021;Kastamonu;22;8;1;0;0;0;0;7;6;;;;;;;;;
2021;Kayseri;95;26;4;7;0;2;0;28;28;;;;;;;;;
2021;Kırklareli;20;6;1;2;0;1;0;9;1;;;;;;;;;
2021;Kırşehir;11;5;1;1;0;0;0;3;1;;;;;;;;;
2021;Kocaeli;103;27;4;9;0;5;0;41;17;;;;;;;;;
2021;Konya;112;29;3;13;1;2;0;44;20;;;;;;;;;
2021;Kütahya;31;10;2;0;0;2;0;7;10;;;;;;;;;
2021;Malatya;30;11;2;2;0;0;0;14;1;;;;;;;;;
2021;Manisa;70;21;3;3;0;1;0;15;27;;;;;;;;;
2021;Kahramanmaraş;54;8;4;3;0;1;0;18;20;;;;;;;;;
2021;Mardin;42;6;3;1;0;0;0;18;14;;;;;;;;;
2021;Muğla;64;5;3;2;0;2;0;21;31;;;;;;;;;
2021;Muş;18;3;1;0;0;0;0;9;5;;;;;;;;;
2021;Nevşehir;14;2;5;1;0;0;1;1;4;;;;;;;;;
2021;Niğde;14;7;0;1;0;1;0;4;1;;;;;;;;;
2021;Ordu;54;4;3;3;0;0;0;13;31;;;;;;;;;
2021;Rize;15;7;1;0;0;1;0;3;3;;;;;;;;;
2021;Sakarya;39;11;2;4;0;2;0;12;8;;;;;;;;;
2021;Samsun;74;25;1;8;0;2;0;19;19;;;;;;;;;
2021;Siirt;21;5;1;1;0;1;1;4;8;;;;;;;;;
2021;Sinop;9;4;0;0;0;0;0;3;2;;;;;;;;;
2021;Sivas;34;12;2;2;0;1;0;11;6;;;;;;;;;
2021;Tekirdağ;57;17;3;5;0;0;0;15;17;;;;;;;;;
2021;Tokat;24;4;0;2;0;1;0;11;6;;;;;;;;;
2021;Trabzon;17;5;2;1;0;0;0;5;4;;;;;;;;;
2021;Tunceli;10;1;0;0;0;0;0;4;5;;;;;;;;;
2021;Şanlıurfa;82;25;3;6;0;2;0;35;11;;;;;;;;;
2021;Uşak;24;11;1;2;0;1;0;6;3;;;;;;;;;
2021;Van;49;9;5;5;0;1;0;13;16;;;;;;;;;
2021;Yozgat;16;2;2;0;0;0;0;5;7;;;;;;;;;
2021;Zonguldak;37;12;0;2;0;0;1;14;8;;;;;;;;;
2021;Aksaray;28;4;3;1;0;1;0;12;7;;;;;;;;;
2021;Bayburt;3;0;0;0;0;0;0;3;0;;;;;;;;;
2021;Karaman;10;5;0;0;0;0;0;2;3;;;;;;;;;
2021;Kırıkkale;18;1;0;4;0;1;0;9;3;;;;;;;;;
2021;Batman;28;5;0;2;0;2;0;12;7;;;;;;;;;
2021;Şırnak;32;1;0;0;0;0;0;11;20;;;;;;;;;
2021;Bartın0;13;3;0;1;0;1;0;3;5;;;;;;;;;
2021;Ardahan;3;0;0;0;0;0;0;3;0;;;;;;;;;
2021;Iğdır;9;0;1;2;0;0;0;5;1;;;;;;;;;
2021;Yalova;16;8;0;0;0;0;0;2;6;;;;;;;;;
2021;Karabük;15;10;0;1;0;0;0;3;1;;;;;;;;;
2021;Kilis0;14;5;0;1;0;1;0;4;3;;;;;;;;;
2021;Osmaniye;20;4;3;2;0;0;0;6;5;;;;;;;;;
2021;Düzce;11;1;0;2;0;0;0;7;1;;;;;;;;;
2020;Türkiye;3710;973;136;289;7;94;7;1425;779;;;;;;;;;
2020;Adana;124;41;6;12;0;4;0;36;25;;;;;;;;;
2020;Adıyaman;23;1;1;1;0;0;0;14;6;;;;;;;;;
2020;Afyonkarahisar;38;6;2;3;1;2;0;13;11;;;;;;;;;
2020;Ağrı;28;2;2;4;0;0;0;10;10;;;;;;;;;
2020;Amasya;20;4;1;3;0;1;0;11;0;;;;;;;;;
2020;Ankara;263;102;9;28;0;12;1;97;14;;;;;;;;;
2020;Antalya;120;44;4;5;0;1;2;42;22;;;;;;;;;
2020;Artvin;6;3;0;1;0;0;0;2;0;;;;;;;;;
2020;Aydın;66;19;3;4;0;1;0;25;14;;;;;;;;;
2020;Balıkesir;80;21;1;9;0;1;1;32;15;;;;;;;;;
2020;Bilecik;8;2;0;1;0;0;0;4;1;;;;;;;;;
2020;Bingöl;14;4;2;0;0;0;0;6;2;;;;;;;;;
2020;Bitlis;12;3;0;0;0;0;0;6;3;;;;;;;;;
2020;Bolu;16;2;1;2;0;2;0;7;2;;;;;;;;;
2020;Burdur;13;2;0;0;0;0;0;5;6;;;;;;;;;
2020;Bursa;134;37;6;15;0;0;0;49;27;;;;;;;;;
2020;Çanakkale;26;5;1;1;0;0;0;12;7;;;;;;;;;
2020;Çankırı;12;1;0;1;0;0;0;8;2;;;;;;;;;
2020;Çorum;19;5;2;0;0;0;0;9;3;;;;;;;;;
2020;Denizli;66;28;5;2;0;1;0;20;10;;;;;;;;;
2020;Diyarbakır;101;26;2;5;0;1;0;50;17;;;;;;;;;
2020;Edirne;27;3;0;5;0;1;0;6;12;;;;;;;;;
2020;Elazığ;26;6;2;2;0;0;0;12;4;;;;;;;;;
2020;Erzincan;10;5;2;1;0;0;0;1;1;;;;;;;;;
2020;Erzurum;26;5;0;0;0;1;0;10;10;;;;;;;;;
2020;Eskişehir;59;17;2;9;0;2;0;24;5;;;;;;;;;
2020;Gaziantep;78;22;4;10;0;4;0;30;8;;;;;;;;;
2020;Giresun;18;8;1;1;0;0;0;3;5;;;;;;;;;
2020;Gümüşhane;2;1;0;0;0;0;0;1;0;;;;;;;;;
2020;Hakkari;21;3;1;1;0;0;0;14;2;;;;;;;;;
2020;Hatay;38;12;2;2;0;0;0;12;10;;;;;;;;;
2020;Isparta;28;5;2;1;0;2;0;6;12;;;;;;;;;
2020;Mersin;121;27;4;9;0;3;1;50;27;;;;;;;;;
2020;İstanbul;520;151;16;50;1;11;0;210;81;;;;;;;;;
2020;İzmir;215;64;8;18;0;7;0;71;47;;;;;;;;;
2020;Kars;20;1;0;0;1;1;0;10;7;;;;;;;;;
2020;Kastamonu;19;2;0;1;0;1;0;7;8;;;;;;;;;
2020;Kayseri;67;15;2;4;1;2;0;29;14;;;;;;;;;
2020;Kırklareli;21;2;0;2;0;1;0;13;3;;;;;;;;;
2020;Kırşehir;14;4;0;1;0;0;0;6;3;;;;;;;;;
2020;Kocaeli;84;24;7;8;0;0;0;29;16;;;;;;;;;
2020;Konya;110;20;10;11;0;2;0;34;33;;;;;;;;;
2020;Kütahya;38;10;0;2;2;0;0;12;12;;;;;;;;;
2020;Malatya;44;14;2;0;0;1;0;18;9;;;;;;;;;
2020;Manisa;67;20;2;7;0;2;0;18;18;;;;;;;;;
2020;Kahramanmaraş;39;6;1;1;0;0;0;19;12;;;;;;;;;
2020;Mardin;33;5;1;2;0;0;1;17;7;;;;;;;;;
2020;Muğla;61;16;0;4;0;2;0;15;24;;;;;;;;;
2020;Muş;26;2;1;1;0;0;0;11;11;;;;;;;;;
2020;Nevşehir;16;4;3;4;0;0;0;3;2;;;;;;;;;
2020;Niğde;20;4;1;2;0;0;0;11;2;;;;;;;;;
2020;Ordu;26;4;0;0;0;1;0;9;12;;;;;;;;;
2020;Rize;15;2;0;0;0;0;0;9;4;;;;;;;;;
2020;Sakarya;37;17;0;3;0;1;0;13;3;;;;;;;;;
2020;Samsun;76;14;3;1;0;4;0;28;26;;;;;;;;;
2020;Siirt;11;1;0;0;0;1;0;5;4;;;;;;;;;
2020;Sinop;9;2;0;2;0;0;0;2;3;;;;;;;;;
2020;Sivas;33;11;1;1;0;2;0;7;11;;;;;;;;;
2020;Tekirdağ;44;5;2;4;1;2;0;14;16;;;;;;;;;
2020;Tokat;17;5;1;2;0;0;0;4;5;;;;;;;;;
2020;Trabzon;22;7;0;3;0;1;0;9;2;;;;;;;;;
2020;Tunceli;8;2;0;0;0;0;0;2;4;;;;;;;;;
2020;Şanlıurfa;60;16;1;1;0;1;1;35;5;;;;;;;;;
2020;Uşak;22;5;0;0;0;2;0;9;6;;;;;;;;;
2020;Van;42;6;0;4;0;5;0;19;8;;;;;;;;;
2020;Yozgat;15;1;1;0;0;2;0;8;3;;;;;;;;;
2020;Zonguldak;26;6;1;0;0;1;0;8;10;;;;;;;;;
2020;Aksaray;19;4;0;3;0;0;0;8;4;;;;;;;;;
2020;Bayburt;3;1;1;0;0;0;0;0;1;;;;;;;;;
2020;Karaman;15;4;1;1;0;0;0;5;4;;;;;;;;;
2020;Kırıkkale;19;2;1;0;0;0;0;12;4;;;;;;;;;
2020;Batman;27;6;0;2;0;0;0;13;6;;;;;;;;;
2020;Şırnak;23;1;0;3;0;0;0;9;10;;;;;;;;;
2020;Bartın0;8;1;0;1;0;0;0;4;2;;;;;;;;;
2020;Ardahan;5;1;0;0;0;0;0;1;3;;;;;;;;;
2020;Iğdır;10;1;0;0;0;0;0;3;6;;;;;;;;;
2020;Yalova;11;0;0;1;0;0;0;7;3;;;;;;;;;
2020;Karabük;6;3;0;0;0;0;0;2;1;;;;;;;;;
2020;Kilis0;7;2;0;0;0;0;0;4;1;;;;;;;;;
2020;Osmaniye;24;5;1;1;0;0;0;11;6;;;;;;;;;
2020;Düzce;13;2;0;0;0;2;0;5;4;;;;;;;;;
2019;Türkiye;3476;747;127;319;7;91;6;1009;1170;;;;;;;;;
2019;Adana;92;19;7;13;1;1;0;23;28;;;;;;;;;
2019;Adıyaman;22;3;0;2;0;0;0;3;14;;;;;;;;;
2019;Afyonkarahisar;40;3;2;3;0;2;0;9;21;;;;;;;;;
2019;Ağrı;14;3;0;1;0;1;0;4;5;;;;;;;;;
2019;Amasya;14;4;0;2;0;0;0;4;4;;;;;;;;;
2019;Ankara;229;69;5;29;0;7;0;93;26;;;;;;;;;
2019;Antalya;106;22;6;11;0;4;0;27;36;;;;;;;;;
2019;Artvin;2;0;1;0;0;0;0;1;0;;;;;;;;;
2019;Aydın;102;25;6;6;0;3;0;30;32;;;;;;;;;
2019;Balıkesir;64;7;1;3;0;0;0;25;28;;;;;;;;;
2019;Bilecik;14;6;1;2;0;0;0;3;2;;;;;;;;;
2019;Bingöl;14;3;0;0;0;1;0;6;4;;;;;;;;;
2019;Bitlis;8;0;1;2;0;0;0;5;0;;;;;;;;;
2019;Bolu;14;2;0;2;0;0;0;5;5;;;;;;;;;
2019;Burdur;17;4;0;1;0;1;0;4;7;;;;;;;;;
2019;Bursa;115;31;1;18;1;2;0;31;31;;;;;;;;;
2019;Çanakkale;29;7;0;2;0;0;0;6;14;;;;;;;;;
2019;Çankırı;7;4;1;2;0;0;0;0;0;;;;;;;;;
2019;Çorum;28;3;0;1;0;0;0;9;15;;;;;;;;;
2019;Denizli;84;15;4;10;1;3;0;18;33;;;;;;;;;
2019;Diyarbakır;92;14;5;4;0;4;0;39;26;;;;;;;;;
2019;Edirne;27;2;1;6;0;1;0;7;10;;;;;;;;;
2019;Elazığ;35;12;0;2;0;1;0;8;12;;;;;;;;;
2019;Erzincan;9;1;1;0;0;0;0;3;4;;;;;;;;;
2019;Erzurum;26;2;2;2;0;0;0;11;9;;;;;;;;;
2019;Eskişehir;67;19;2;7;0;1;0;18;20;;;;;;;;;
2019;Gaziantep;62;20;5;5;0;3;0;21;8;;;;;;;;;
2019;Giresun;12;4;1;0;0;0;0;5;2;;;;;;;;;
2019;Gümüşhane;4;3;0;0;0;1;0;0;0;;;;;;;;;
2019;Hakkari;8;1;0;2;0;0;0;2;3;;;;;;;;;
2019;Hatay;36;9;1;1;0;1;0;10;14;;;;;;;;;
2019;Isparta;19;2;0;2;0;1;0;4;10;;;;;;;;;
2019;Mersin;91;17;4;9;0;4;0;21;36;;;;;;;;;
2019;İstanbul;442;117;15;49;3;17;1;166;74;;;;;;;;;
2019;İzmir;193;42;4;19;0;8;0;45;75;;;;;;;;;
2019;Kars;14;1;1;1;0;0;0;2;9;;;;;;;;;
2019;Kastamonu;23;5;0;3;0;0;0;9;6;;;;;;;;;
2019;Kayseri;59;14;3;6;0;0;0;13;23;;;;;;;;;
2019;Kırklareli;23;5;0;2;0;1;0;11;4;;;;;;;;;
2019;Kırşehir;7;3;0;0;0;0;0;3;1;;;;;;;;;
2019;Kocaeli;83;26;2;14;1;1;1;23;15;;;;;;;;;
2019;Konya;104;24;4;13;0;3;0;30;30;;;;;;;;;
2019;Kütahya;28;6;3;2;0;1;0;9;7;;;;;;;;;
2019;Malatya;24;4;0;0;0;1;0;9;10;;;;;;;;;
2019;Manisa;82;12;2;6;0;0;0;15;47;;;;;;;;;
2019;Kahramanmaraş;43;6;0;1;0;0;0;11;25;;;;;;;;;
2019;Mardin;30;6;0;3;0;0;0;4;17;;;;;;;;;
2019;Muğla;66;12;3;4;0;5;0;10;32;;;;;;;;;
2019;Muş;31;2;3;1;0;0;0;11;14;;;;;;;;;
2019;Nevşehir;14;2;2;4;0;0;0;3;3;;;;;;;;;
2019;Niğde;18;0;1;0;0;0;0;5;12;;;;;;;;;
2019;Ordu;31;2;1;3;0;1;0;4;20;;;;;;;;;
2019;Rize;14;1;0;0;0;0;0;5;8;;;;;;;;;
2019;Sakarya;27;8;0;2;0;2;0;10;5;;;;;;;;;
2019;Samsun;75;12;1;11;0;0;0;23;28;;;;;;;;;
2019;Siirt;12;3;1;2;0;0;0;2;4;;;;;;;;;
2019;Sinop;10;3;0;1;0;0;0;1;5;;;;;;;;;
2019;Sivas;30;5;0;1;0;1;0;11;12;;;;;;;;;
2019;Tekirdağ;58;5;1;4;0;1;0;10;37;;;;;;;;;
2019;Tokat;33;7;2;0;0;0;0;11;13;;;;;;;;;
2019;Trabzon;13;7;1;0;0;0;0;2;3;;;;;;;;;
2019;Tunceli;7;2;0;0;0;0;0;0;5;;;;;;;;;
2019;Şanlıurfa;58;16;2;4;0;0;3;10;23;;;;;;;;;
2019;Uşak;9;0;0;3;0;0;0;4;2;;;;;;;;;
2019;Van;66;7;4;1;0;1;0;24;29;;;;;;;;;
2019;Yozgat;20;2;2;0;0;0;0;4;12;;;;;;;;;
2019;Zonguldak;31;6;0;0;0;1;0;5;19;;;;;;;;;
2019;Aksaray;13;2;1;1;0;0;0;5;4;;;;;;;;;
2019;Bayburt;0;0;0;0;0;0;0;0;0;;;;;;;;;
2019;Karaman;17;2;1;1;0;0;0;2;11;;;;;;;;;
2019;Kırıkkale;21;3;1;1;0;0;0;8;8;;;;;;;;;
2019;Batman;17;2;0;0;0;3;0;7;5;;;;;;;;;
2019;Şırnak;19;2;1;1;0;0;1;5;9;;;;;;;;;
2019;Bartın0;10;4;0;0;0;0;0;0;6;;;;;;;;;
2019;Ardahan;9;0;1;0;0;0;0;2;6;;;;;;;;;
2019;Iğdır;9;1;1;0;0;0;0;4;3;;;;;;;;;
2019;Yalova;16;8;1;0;0;0;0;2;5;;;;;;;;;
2019;Karabük;11;6;0;0;0;0;0;2;3;;;;;;;;;
2019;Kilis0;8;1;1;0;0;0;0;3;3;;;;;;;;;
2019;Osmaniye;26;5;1;4;0;0;0;4;12;;;;;;;;;
2019;Düzce;19;2;2;1;0;2;0;5;7;;;;;;;;;
2018;Türkiye;3342;673;127;245;6;85;1;855;1350;;;;;;;;;
2018;Adana;102;27;3;5;0;6;0;20;41;;;;;;;;;
2018;Adıyaman;17;5;2;2;0;0;0;2;6;;;;;;;;;
2018;Afyonkarahisar;29;3;1;2;0;0;0;13;10;;;;;;;;;
2018;Ağrı;20;2;1;0;0;0;0;9;8;;;;;;;;;
2018;Amasya;10;1;0;1;0;1;0;0;7;;;;;;;;;
2018;Ankara;200;61;5;28;0;4;0;77;25;;;;;;;;;
2018;Antalya;107;19;6;11;1;5;0;27;38;;;;;;;;;
2018;Artvin;4;1;0;0;0;0;0;3;0;;;;;;;;;
2018;Aydın;73;15;2;5;0;1;0;17;33;;;;;;;;;
2018;Balıkesir;57;20;3;3;0;1;0;14;16;;;;;;;;;
2018;Bilecik;9;3;1;0;0;2;0;2;1;;;;;;;;;
2018;Bingöl;8;1;0;0;0;2;0;2;3;;;;;;;;;
2018;Bitlis;16;2;2;1;0;0;0;4;7;;;;;;;;;
2018;Bolu;11;1;0;1;0;0;0;7;2;;;;;;;;;
2018;Burdur;22;1;1;2;0;1;0;5;12;;;;;;;;;
2018;Bursa;118;36;5;14;0;2;0;32;29;;;;;;;;;
2018;Çanakkale;19;4;1;2;0;0;0;7;5;;;;;;;;;
2018;Çankırı;7;1;0;0;0;0;0;4;2;;;;;;;;;
2018;Çorum;23;3;1;2;0;0;0;7;10;;;;;;;;;
2018;Denizli;56;7;2;5;0;2;0;14;26;;;;;;;;;
2018;Diyarbakır;58;11;5;4;0;1;0;20;17;;;;;;;;;
2018;Edirne;20;3;1;2;0;0;0;0;14;;;;;;;;;
2018;Elazığ;18;3;0;2;0;1;0;7;5;;;;;;;;;
2018;Erzincan;6;0;1;0;0;0;0;1;4;;;;;;;;;
2018;Erzurum;33;2;0;4;0;0;0;9;18;;;;;;;;;
2018;Eskişehir;40;4;1;6;0;1;0;14;14;;;;;;;;;
2018;Gaziantep;52;18;1;5;0;0;0;15;13;;;;;;;;;
2018;Giresun;10;2;1;0;0;0;0;4;3;;;;;;;;;
2018;Gümüşhane;3;0;0;0;0;0;0;2;1;;;;;;;;;
2018;Hakkari;8;1;1;1;0;0;0;1;4;;;;;;;;;
2018;Hatay;43;9;2;3;0;1;0;14;14;;;;;;;;;
2018;Isparta;34;9;2;2;0;0;0;13;8;;;;;;;;;
2018;Mersin;77;14;2;6;0;1;0;17;37;;;;;;;;;
2018;İstanbul;553;99;17;40;2;14;0;146;235;;;;;;;;;
2018;İzmir;235;56;5;16;1;7;0;31;119;;;;;;;;;
2018;Kars;14;3;0;3;0;1;0;1;6;;;;;;;;;
2018;Kastamonu;18;2;2;1;0;1;0;7;5;;;;;;;;;
2018;Kayseri;81;5;4;8;0;3;0;19;42;;;;;;;;;
2018;Kırklareli;21;5;0;2;1;0;0;7;6;;;;;;;;;
2018;Kırşehir;14;5;0;1;0;0;0;5;3;;;;;;;;;
2018;Kocaeli;50;8;5;2;0;0;0;14;21;;;;;;;;;
2018;Konya;97;30;3;6;0;5;0;27;26;;;;;;;;;
2018;Kütahya;22;4;0;0;0;1;0;5;12;;;;;;;;;
2018;Malatya;25;8;0;1;0;0;0;5;11;;;;;;;;;
2018;Manisa;71;12;5;5;0;1;0;16;32;;;;;;;;;
2018;Kahramanmaraş;42;7;2;2;0;3;0;13;15;;;;;;;;;
2018;Mardin;23;3;1;2;0;0;0;6;11;;;;;;;;;
2018;Muğla;76;15;1;1;0;4;0;10;45;;;;;;;;;
2018;Muş;21;3;0;1;0;0;0;5;12;;;;;;;;;
2018;Nevşehir;9;2;0;3;0;1;0;2;1;;;;;;;;;
2018;Niğde;16;1;0;0;0;0;0;5;10;;;;;;;;;
2018;Ordu;32;6;1;0;0;0;0;7;18;;;;;;;;;
2018;Rize;10;2;0;1;0;0;0;1;6;;;;;;;;;
2018;Sakarya;33;2;1;4;0;2;0;5;19;;;;;;;;;
2018;Samsun;53;9;1;5;0;2;0;15;21;;;;;;;;;
2018;Siirt;9;1;0;0;0;0;1;2;5;;;;;;;;;
2018;Sinop;15;5;0;0;0;0;0;2;8;;;;;;;;;
2018;Sivas;40;6;2;1;1;0;0;14;16;;;;;;;;;
2018;Tekirdağ;55;9;3;2;0;2;0;10;29;;;;;;;;;
2018;Tokat;33;7;1;3;0;0;0;9;13;;;;;;;;;
2018;Trabzon;25;3;0;0;0;0;0;4;18;;;;;;;;;
2018;Tunceli;6;1;1;0;0;0;0;2;2;;;;;;;;;
2018;Şanlıurfa;59;10;0;2;0;2;0;13;32;;;;;;;;;
2018;Uşak;16;4;1;3;0;1;0;4;3;;;;;;;;;
2018;Van;50;3;4;4;0;0;0;13;26;;;;;;;;;
2018;Yozgat;20;6;2;1;0;1;0;4;6;;;;;;;;;
2018;Zonguldak;27;6;0;0;0;0;0;2;19;;;;;;;;;
2018;Aksaray;13;1;0;1;0;0;0;1;10;;;;;;;;;
2018;Bayburt;3;2;0;0;0;0;0;0;1;;;;;;;;;
2018;Karaman;15;6;2;1;0;0;0;1;5;;;;;;;;;
2018;Kırıkkale;9;2;0;1;0;0;0;5;1;;;;;;;;;
2018;Batman;27;9;1;2;0;0;0;8;7;;;;;;;;;
2018;Şırnak;18;0;3;0;0;2;0;4;9;;;;;;;;;
2018;Bartın0;10;0;1;0;0;0;0;3;6;;;;;;;;;
2018;Ardahan;6;1;0;0;0;0;0;3;2;;;;;;;;;
2018;Iğdır;11;5;0;0;0;0;0;1;5;;;;;;;;;
2018;Yalova;9;3;0;1;0;0;0;2;3;;;;;;;;;
2018;Karabük;10;2;0;0;0;0;0;4;4;;;;;;;;;
2018;Kilis0;6;0;0;0;0;0;0;4;2;;;;;;;;;
2018;Osmaniye;9;0;2;0;0;0;0;4;3;;;;;;;;;
2018;Düzce;15;5;3;0;0;0;0;1;6;;;;;;;;;
2017;Türkiye;3168;651;128;232;6;86;3;710;1352;;;;;;;;;
2017;Adana;101;25;6;7;0;4;0;25;34;;;;;;;;;
2017;Adıyaman;23;5;1;1;0;0;0;7;9;;;;;;;;;
2017;Afyonkarahisar;40;4;2;4;0;4;0;8;18;;;;;;;;;
2017;Ağrı;28;4;2;2;0;1;0;5;14;;;;;;;;;
2017;Amasya;9;4;0;1;0;0;0;1;3;;;;;;;;;
2017;Ankara;173;48;17;13;2;6;0;64;23;;;;;;;;;
2017;Antalya;109;21;8;12;1;6;0;22;39;;;;;;;;;
2017;Artvin;6;3;0;0;0;0;0;3;0;;;;;;;;;
2017;Aydın;60;13;2;3;0;1;0;12;29;;;;;;;;;
2017;Balıkesir;53;10;3;5;0;6;0;12;17;;;;;;;;;
2017;Bilecik;9;3;0;0;0;0;0;3;3;;;;;;;;;
2017;Bingöl;9;2;1;0;0;0;0;2;4;;;;;;;;;
2017;Bitlis;13;2;1;1;0;1;0;4;4;;;;;;;;;
2017;Bolu;8;1;1;0;0;0;0;2;4;;;;;;;;;
2017;Burdur;19;2;1;0;0;0;0;4;12;;;;;;;;;
2017;Bursa;120;35;3;14;0;5;0;18;45;;;;;;;;;
2017;Çanakkale;31;1;1;6;0;0;0;11;12;;;;;;;;;
2017;Çankırı;9;2;0;1;0;0;0;1;5;;;;;;;;;
2017;Çorum;25;4;1;2;0;0;0;2;16;;;;;;;;;
2017;Denizli;49;12;1;4;1;1;0;7;23;;;;;;;;;
2017;Diyarbakır;71;15;6;6;0;1;0;23;20;;;;;;;;;
2017;Edirne;22;4;1;5;0;0;0;2;10;;;;;;;;;
2017;Elazığ;23;9;4;3;0;0;0;2;5;;;;;;;;;
2017;Erzincan;10;1;0;1;0;0;0;3;5;;;;;;;;;
2017;Erzurum;18;3;2;1;0;0;0;5;7;;;;;;;;;
2017;Eskişehir;40;14;0;4;0;0;0;12;10;;;;;;;;;
2017;Gaziantep;80;19;1;7;0;0;0;22;31;;;;;;;;;
2017;Giresun;16;5;0;1;0;1;0;6;3;;;;;;;;;
2017;Gümüşhane;2;0;0;0;0;0;0;1;1;;;;;;;;;
2017;Hakkari;10;2;0;0;0;1;0;3;4;;;;;;;;;
2017;Hatay;44;9;3;2;0;0;0;8;22;;;;;;;;;
2017;Isparta;40;10;3;3;0;0;0;7;17;;;;;;;;;
2017;Mersin;94;18;5;9;0;3;0;14;45;;;;;;;;;
2017;İstanbul;504;112;9;34;2;14;1;116;216;;;;;;;;;
2017;İzmir;202;43;5;20;0;6;0;28;100;;;;;;;;;
2017;Kars;18;2;1;0;0;1;0;5;9;;;;;;;;;
2017;Kastamonu;18;4;1;0;0;0;0;4;9;;;;;;;;;
2017;Kayseri;65;16;2;3;0;3;1;9;31;;;;;;;;;
2017;Kırklareli;17;1;0;2;0;0;0;7;7;;;;;;;;;
2017;Kırşehir;9;3;0;0;0;1;0;4;1;;;;;;;;;
2017;Kocaeli;54;12;3;2;0;1;0;14;22;;;;;;;;;
2017;Konya;87;13;4;8;0;0;0;19;43;;;;;;;;;
2017;Kütahya;24;4;0;4;0;1;0;7;8;;;;;;;;;
2017;Malatya;20;6;1;1;0;0;0;4;8;;;;;;;;;
2017;Manisa;67;8;1;6;0;0;0;14;38;;;;;;;;;
2017;Kahramanmaraş;34;6;2;2;0;0;0;6;18;;;;;;;;;
2017;Mardin;23;5;2;0;0;0;0;4;12;;;;;;;;;
2017;Muğla;47;4;1;3;0;2;0;4;33;;;;;;;;;
2017;Muş;22;3;0;1;0;0;0;7;11;;;;;;;;;
2017;Nevşehir;9;2;1;2;0;1;0;0;3;;;;;;;;;
2017;Niğde;14;5;0;1;0;0;0;2;6;;;;;;;;;
2017;Ordu;20;2;0;0;0;1;0;3;14;;;;;;;;;
2017;Rize;11;1;0;0;0;1;0;2;7;;;;;;;;;
2017;Sakarya;24;4;1;2;0;0;0;12;5;;;;;;;;;
2017;Samsun;51;10;5;1;0;1;0;8;26;;;;;;;;;
2017;Siirt;13;2;0;1;0;0;1;6;3;;;;;;;;;
2017;Sinop;7;2;0;0;0;0;0;1;4;;;;;;;;;
2017;Sivas;33;7;1;3;0;0;0;9;13;;;;;;;;;
2017;Tekirdağ;32;10;3;2;0;0;0;4;13;;;;;;;;;
2017;Tokat;30;3;1;3;0;0;0;8;15;;;;;;;;;
2017;Trabzon;37;3;0;1;0;1;0;5;27;;;;;;;;;
2017;Tunceli;7;2;0;1;0;0;0;0;4;;;;;;;;;
2017;Şanlıurfa;61;9;1;2;0;2;0;13;34;;;;;;;;;
2017;Uşak;12;4;0;1;0;0;0;7;0;;;;;;;;;
2017;Van;48;6;0;1;0;2;0;6;33;;;;;;;;;
2017;Yozgat;18;1;1;3;0;0;0;5;8;;;;;;;;;
2017;Zonguldak;12;0;0;0;0;0;0;3;9;;;;;;;;;
2017;Aksaray;13;3;0;1;0;0;0;3;6;;;;;;;;;
2017;Bayburt;0;0;0;0;0;0;0;0;0;;;;;;;;;
2017;Karaman;13;2;1;0;0;1;0;4;5;;;;;;;;;
2017;Kırıkkale;14;2;0;1;0;1;0;4;6;;;;;;;;;
2017;Batman;11;2;1;0;0;0;0;3;5;;;;;;;;;
2017;Şırnak;21;1;1;0;0;1;0;7;11;;;;;;;;;
2017;Bartın0;12;1;0;0;0;0;0;3;8;;;;;;;;;
2017;Ardahan;7;2;0;1;0;0;0;0;4;;;;;;;;;
2017;Iğdır;9;3;0;0;0;0;0;1;5;;;;;;;;;
2017;Yalova;7;1;1;1;0;0;0;2;2;;;;;;;;;
2017;Karabük;8;2;1;0;0;1;0;3;1;;;;;;;;;
2017;Kilis0;7;0;1;0;0;1;0;3;2;;;;;;;;;
2017;Osmaniye;19;5;0;0;0;2;0;8;4;;;;;;;;;
2017;Düzce;13;2;0;0;0;0;0;2;9;;;;;;;;;
2016;Türkiye;3193;680;126;274;7;84;12;39;1971;;;;;;;;;
2016;Adana;111;28;3;13;0;5;0;1;61;;;;;;;;;
2016;Adıyaman;13;1;0;1;0;0;0;0;11;;;;;;;;;
2016;Afyonkarahisar;44;2;6;0;0;0;0;0;36;;;;;;;;;
2016;Ağrı;29;2;2;1;0;0;0;1;23;;;;;;;;;
2016;Amasya;7;0;0;2;0;0;0;0;5;;;;;;;;;
2016;Ankara;173;46;8;26;1;10;2;4;76;;;;;;;;;
2016;Antalya;88;23;6;8;0;4;0;1;46;;;;;;;;;
2016;Artvin;3;0;0;0;0;1;0;0;2;;;;;;;;;
2016;Aydın;80;19;2;8;0;1;0;1;49;;;;;;;;;
2016;Balıkesir;67;18;3;5;1;2;0;0;38;;;;;;;;;
2016;Bilecik;13;4;1;0;0;0;0;1;7;;;;;;;;;
2016;Bingöl;10;1;0;0;0;0;0;0;9;;;;;;;;;
2016;Bitlis;5;1;0;0;0;0;0;0;4;;;;;;;;;
2016;Bolu;11;3;0;0;0;0;0;0;8;;;;;;;;;
2016;Burdur;22;7;1;0;0;0;0;0;14;;;;;;;;;
2016;Bursa;140;35;5;14;1;6;1;0;78;;;;;;;;;
2016;Çanakkale;26;3;0;1;0;1;1;1;19;;;;;;;;;
2016;Çankırı;7;0;0;2;0;2;0;1;2;;;;;;;;;
2016;Çorum;24;4;4;0;0;0;0;0;16;;;;;;;;;
2016;Denizli;63;11;6;9;0;3;1;2;31;;;;;;;;;
2016;Diyarbakır;67;13;5;1;0;1;0;0;47;;;;;;;;;
2016;Edirne;32;6;2;3;0;0;0;0;21;;;;;;;;;
2016;Elazığ;27;9;0;2;0;1;0;1;14;;;;;;;;;
2016;Erzincan;8;2;0;1;0;0;0;0;5;;;;;;;;;
2016;Erzurum;32;5;1;3;1;0;0;1;21;;;;;;;;;
2016;Eskişehir;46;12;1;9;0;0;0;0;24;;;;;;;;;
2016;Gaziantep;77;24;10;6;1;0;0;0;36;;;;;;;;;
2016;Giresun;10;1;0;1;0;1;0;1;6;;;;;;;;;
2016;Gümüşhane;2;0;0;0;0;0;0;0;2;;;;;;;;;
2016;Hakkari;9;0;2;0;0;0;0;1;6;;;;;;;;;
2016;Hatay;43;8;3;7;0;2;0;1;22;;;;;;;;;
2016;Isparta;15;4;1;0;0;0;0;0;10;;;;;;;;;
2016;Mersin;82;17;0;6;0;5;0;3;51;;;;;;;;;
2016;İstanbul;462;122;11;45;2;9;3;0;270;;;;;;;;;
2016;İzmir;230;63;2;23;0;11;2;1;128;;;;;;;;;
2016;Kars;11;0;0;1;0;0;0;0;10;;;;;;;;;
2016;Kastamonu;18;3;0;0;0;0;0;1;14;;;;;;;;;
2016;Kayseri;86;11;3;10;0;1;1;1;59;;;;;;;;;
2016;Kırklareli;13;2;0;2;0;0;0;0;9;;;;;;;;;
2016;Kırşehir;7;2;0;1;0;0;0;1;3;;;;;;;;;
2016;Kocaeli;67;13;0;7;0;0;0;0;47;;;;;;;;;
2016;Konya;92;19;2;2;0;3;0;1;65;;;;;;;;;
2016;Kütahya;22;2;0;1;0;1;0;0;18;;;;;;;;;
2016;Malatya;28;6;0;0;0;0;0;2;20;;;;;;;;;
2016;Manisa;53;9;0;6;0;2;0;1;35;;;;;;;;;
2016;Kahramanmaraş;39;5;3;3;0;2;0;0;26;;;;;;;;;
2016;Mardin;22;4;1;1;0;0;0;0;16;;;;;;;;;
2016;Muğla;52;5;5;4;0;0;0;0;38;;;;;;;;;
2016;Muş;24;1;2;0;0;0;0;0;21;;;;;;;;;
2016;Nevşehir;12;4;1;3;0;0;0;0;4;;;;;;;;;
2016;Niğde;22;4;2;2;0;0;0;0;14;;;;;;;;;
2016;Ordu;21;6;1;2;0;0;0;0;12;;;;;;;;;
2016;Rize;4;1;0;0;0;0;0;0;3;;;;;;;;;
2016;Sakarya;21;4;2;2;0;0;0;0;13;;;;;;;;;
2016;Samsun;55;13;2;2;0;2;0;0;36;;;;;;;;;
2016;Siirt;10;0;0;0;0;0;0;1;9;;;;;;;;;
2016;Sinop;14;4;0;1;0;0;0;0;9;;;;;;;;;
2016;Sivas;22;4;3;0;0;0;0;0;15;;;;;;;;;
2016;Tekirdağ;39;11;1;2;0;1;0;0;24;;;;;;;;;
2016;Tokat;21;5;1;1;0;1;0;0;13;;;;;;;;;
2016;Trabzon;31;7;2;1;0;0;0;2;19;;;;;;;;;
2016;Tunceli;9;0;0;1;0;0;0;0;8;;;;;;;;;
2016;Şanlıurfa;42;8;2;2;0;0;0;1;29;;;;;;;;;
2016;Uşak;17;2;1;4;0;2;0;1;7;;;;;;;;;
2016;Van;49;3;2;0;0;0;0;2;42;;;;;;;;;
2016;Yozgat;10;2;0;1;0;0;0;1;6;;;;;;;;;
2016;Zonguldak;23;2;0;1;0;1;0;0;19;;;;;;;;;
2016;Aksaray;12;0;0;2;0;0;0;1;9;;;;;;;;;
2016;Bayburt;1;0;0;1;0;0;0;0;0;;;;;;;;;
2016;Karaman;11;4;0;1;0;2;0;0;4;;;;;;;;;
2016;Kırıkkale;7;1;0;1;0;0;0;0;5;;;;;;;;;
2016;Batman;16;3;1;2;0;0;0;0;10;;;;;;;;;
2016;Şırnak;11;1;0;0;0;0;0;0;10;;;;;;;;;
2016;Bartın0;9;1;0;2;0;0;0;0;6;;;;;;;;;
2016;Ardahan;9;3;0;0;0;0;0;0;6;;;;;;;;;
2016;Iğdır;8;0;0;4;0;0;0;0;4;;;;;;;;;
2016;Yalova;5;0;1;0;0;1;0;1;2;;;;;;;;;
2016;Karabük;8;3;0;0;0;0;0;0;5;;;;;;;;;
2016;Kilis0;10;2;1;1;0;0;0;0;6;;;;;;;;;
2016;Osmaniye;39;6;2;0;0;0;1;0;30;;;;;;;;;
2016;Düzce;13;0;0;0;0;0;0;0;13;;;;;;;;;
2015;Türkiye;3246;955;257;298;8;72;6;66;1584;;;;;;;;;
2015;Adana;97;37;3;8;0;2;0;0;47;;;;;;;;;
2015;Adıyaman;23;6;2;1;0;0;0;0;14;;;;;;;;;
2015;Afyonkarahisar;38;8;4;4;0;0;1;0;21;;;;;;;;;
2015;Ağrı;30;5;2;1;0;0;0;0;22;;;;;;;;;
2015;Amasya;12;4;1;2;0;0;0;0;5;;;;;;;;;
2015;Ankara;227;82;23;39;0;4;0;2;77;;;;;;;;;
2015;Antalya;105;19;7;9;0;6;0;0;64;;;;;;;;;
2015;Artvin;9;3;0;0;0;0;0;1;5;;;;;;;;;
2015;Aydın;66;11;7;7;0;2;0;4;35;;;;;;;;;
2015;Balıkesir;58;19;1;9;0;0;0;1;28;;;;;;;;;
2015;Bilecik;13;3;3;0;0;0;0;2;5;;;;;;;;;
2015;Bingöl;18;3;1;1;0;1;0;1;11;;;;;;;;;
2015;Bitlis;12;0;1;1;0;1;0;0;9;;;;;;;;;
2015;Bolu;13;5;0;1;0;0;0;0;7;;;;;;;;;
2015;Burdur;16;3;0;1;0;1;0;1;10;;;;;;;;;
2015;Bursa;130;55;12;14;0;7;0;0;42;;;;;;;;;
2015;Çanakkale;30;10;0;2;1;2;0;4;11;;;;;;;;;
2015;Çankırı;2;0;0;0;0;0;0;0;2;;;;;;;;;
2015;Çorum;22;8;1;2;0;0;0;0;11;;;;;;;;;
2015;Denizli;50;10;6;7;0;1;0;1;25;;;;;;;;;
2015;Diyarbakır;82;26;8;5;0;2;0;2;39;;;;;;;;;
2015;Edirne;26;8;3;1;0;1;0;0;13;;;;;;;;;
2015;Elazığ;25;1;2;2;0;1;0;0;19;;;;;;;;;
2015;Erzincan;10;2;1;2;0;1;0;0;4;;;;;;;;;
2015;Erzurum;33;5;1;2;0;0;0;0;25;;;;;;;;;
2015;Eskişehir;54;19;4;6;1;1;0;0;23;;;;;;;;;
2015;Gaziantep;80;18;12;8;0;1;1;0;40;;;;;;;;;
2015;Giresun;14;8;0;1;1;0;0;2;2;;;;;;;;;
2015;Gümüşhane;3;1;0;0;0;0;0;0;2;;;;;;;;;
2015;Hakkari;11;0;1;1;0;0;0;1;8;;;;;;;;;
2015;Hatay;42;7;1;1;0;1;0;3;29;;;;;;;;;
2015;Isparta;18;6;3;3;0;2;0;1;3;;;;;;;;;
2015;Mersin;101;27;8;9;1;3;0;1;52;;;;;;;;;
2015;İstanbul;432;175;32;44;2;11;0;1;167;;;;;;;;;
2015;İzmir;203;73;14;17;1;3;0;3;92;;;;;;;;;
2015;Kars;27;2;1;1;0;0;0;1;22;;;;;;;;;
2015;Kastamonu;16;3;0;1;0;0;0;1;11;;;;;;;;;
2015;Kayseri;58;23;0;1;0;1;1;0;32;;;;;;;;;
2015;Kırklareli;17;6;1;0;0;0;0;0;10;;;;;;;;;
2015;Kırşehir;9;0;0;1;0;0;0;1;7;;;;;;;;;
2015;Kocaeli;52;22;3;7;0;0;0;1;19;;;;;;;;;
2015;Konya;103;26;8;11;0;3;1;0;54;;;;;;;;;
2015;Kütahya;20;3;3;3;0;0;0;1;10;;;;;;;;;
2015;Malatya;31;10;3;2;0;0;0;1;15;;;;;;;;;
2015;Manisa;67;16;9;10;0;0;1;0;31;;;;;;;;;
2015;Kahramanmaraş;32;5;4;2;0;1;0;2;18;;;;;;;;;
2015;Mardin;29;5;4;1;0;2;0;0;17;;;;;;;;;
2015;Muğla;53;7;6;4;0;1;0;2;33;;;;;;;;;
2015;Muş;25;4;2;1;0;1;0;0;17;;;;;;;;;
2015;Nevşehir;11;2;5;0;0;0;0;0;4;;;;;;;;;
2015;Niğde;14;3;1;1;0;0;0;0;9;;;;;;;;;
2015;Ordu;24;6;0;0;0;0;0;0;18;;;;;;;;;
2015;Rize;4;1;1;0;0;0;0;0;2;;;;;;;;;
2015;Sakarya;22;8;0;5;0;1;0;1;7;;;;;;;;;
2015;Samsun;52;19;3;6;1;0;0;0;23;;;;;;;;;
2015;Siirt;12;3;0;0;0;0;0;0;9;;;;;;;;;
2015;Sinop;9;1;0;0;0;0;0;0;8;;;;;;;;;
2015;Sivas;23;2;3;4;0;1;1;2;10;;;;;;;;;
2015;Tekirdağ;41;14;3;7;0;1;0;0;16;;;;;;;;;
2015;Tokat;20;7;2;3;0;0;0;0;8;;;;;;;;;
2015;Trabzon;28;7;2;0;0;0;0;0;19;;;;;;;;;
2015;Tunceli;6;3;0;1;0;0;0;0;2;;;;;;;;;
2015;Şanlıurfa;65;14;5;1;0;1;0;6;38;;;;;;;;;
2015;Uşak;19;2;3;3;0;0;0;2;9;;;;;;;;;
2015;Van;52;8;1;0;0;2;0;8;33;;;;;;;;;
2015;Yozgat;14;3;1;0;0;0;0;1;9;;;;;;;;;
2015;Zonguldak;29;8;2;0;0;1;0;0;18;;;;;;;;;
2015;Aksaray;11;2;2;1;0;0;0;0;6;;;;;;;;;
2015;Bayburt;2;1;0;0;0;0;0;0;1;;;;;;;;;
2015;Karaman;17;7;0;3;0;0;0;0;7;;;;;;;;;
2015;Kırıkkale;6;3;1;0;0;0;0;0;2;;;;;;;;;
2015;Batman;30;10;1;3;0;0;0;1;15;;;;;;;;;
2015;Şırnak;21;6;2;0;0;1;0;1;11;;;;;;;;;
2015;Bartın0;12;1;1;0;0;0;0;1;9;;;;;;;;;
2015;Ardahan;8;1;1;1;0;0;0;1;4;;;;;;;;;
2015;Iğdır;4;0;1;0;0;1;0;0;2;;;;;;;;;
2015;Yalova;5;2;1;0;0;0;0;0;2;;;;;;;;;
2015;Karabük;10;5;2;1;0;0;0;1;1;;;;;;;;;
2015;Kilis0;2;0;1;0;0;0;0;0;1;;;;;;;;;
2015;Osmaniye;17;6;3;0;0;0;0;0;8;;;;;;;;;
2015;Düzce;12;1;1;2;0;0;0;0;8;;;;;;;;;
2014;Türkiye;3169;549;275;256;40;96;8;220;1725;;;;;;;;;
2014;Adana;121;23;11;13;2;2;0;3;67;;;;;;;;;
2014;Adıyaman;34;4;1;0;0;0;0;4;25;;;;;;;;;
2014;Afyonkarahisar;30;3;2;1;0;0;0;1;23;;;;;;;;;
2014;Ağrı;18;0;1;0;0;1;0;1;15;;;;;;;;;
2014;Amasya;13;3;1;3;0;0;0;0;6;;;;;;;;;
2014;Ankara;219;58;22;12;6;7;0;8;106;;;;;;;;;
2014;Antalya;112;16;11;6;2;5;0;2;70;;;;;;;;;
2014;Artvin;8;0;0;2;0;1;0;0;5;;;;;;;;;
2014;Aydın;68;15;8;4;0;2;0;13;26;;;;;;;;;
2014;Balıkesir;63;11;3;4;1;3;0;5;36;;;;;;;;;
2014;Bilecik;14;2;0;5;0;0;0;0;7;;;;;;;;;
2014;Bingöl;26;3;0;1;0;1;0;0;21;;;;;;;;;
2014;Bitlis;10;0;0;1;0;0;0;1;8;;;;;;;;;
2014;Bolu;14;0;1;0;1;0;1;0;11;;;;;;;;;
2014;Burdur;17;2;1;1;0;1;0;1;11;;;;;;;;;
2014;Bursa;116;24;10;21;1;3;0;0;57;;;;;;;;;
2014;Çanakkale;21;1;1;1;0;1;0;3;14;;;;;;;;;
2014;Çankırı;2;1;1;0;0;0;0;0;0;;;;;;;;;
2014;Çorum;19;2;0;0;0;4;0;1;12;;;;;;;;;
2014;Denizli;66;5;7;13;0;2;1;2;36;;;;;;;;;
2014;Diyarbakır;66;10;8;4;1;4;0;1;38;;;;;;;;;
2014;Edirne;33;11;2;4;0;1;0;0;15;;;;;;;;;
2014;Elazığ;27;9;3;0;0;2;0;1;12;;;;;;;;;
2014;Erzincan;6;0;0;0;0;1;0;0;5;;;;;;;;;
2014;Erzurum;27;6;0;1;0;0;0;2;18;;;;;;;;;
2014;Eskişehir;47;14;6;2;0;2;0;5;18;;;;;;;;;
2014;Gaziantep;64;13;7;10;0;2;0;9;23;;;;;;;;;
2014;Giresun;15;5;0;1;0;0;0;1;8;;;;;;;;;
2014;Gümüşhane;5;0;1;0;0;0;0;0;4;;;;;;;;;
2014;Hakkari;13;0;0;0;0;0;0;0;13;;;;;;;;;
2014;Hatay;42;5;3;0;0;1;0;6;27;;;;;;;;;
2014;Isparta;25;8;5;2;0;1;0;1;8;;;;;;;;;
2014;Mersin;115;10;4;2;2;2;0;21;74;;;;;;;;;
2014;İstanbul;446;99;34;27;5;10;1;81;189;;;;;;;;;
2014;İzmir;213;30;28;41;13;9;2;3;87;;;;;;;;;
2014;Kars;14;1;1;1;0;0;0;3;8;;;;;;;;;
2014;Kastamonu;18;0;3;2;0;0;0;0;13;;;;;;;;;
2014;Kayseri;67;11;5;3;1;0;0;1;46;;;;;;;;;
2014;Kırklareli;11;0;1;1;0;1;0;0;8;;;;;;;;;
2014;Kırşehir;17;1;2;1;0;0;0;0;13;;;;;;;;;
2014;Kocaeli;54;13;8;7;3;3;0;1;19;;;;;;;;;
2014;Konya;77;11;9;2;0;3;0;0;52;;;;;;;;;
2014;Kütahya;21;3;2;3;0;0;0;0;13;;;;;;;;;
2014;Malatya;33;7;2;2;1;2;0;4;15;;;;;;;;;
2014;Manisa;47;11;9;10;1;3;0;1;12;;;;;;;;;
2014;Kahramanmaraş;33;7;2;2;0;0;0;0;22;;;;;;;;;
2014;Mardin;19;2;1;1;0;0;0;4;11;;;;;;;;;
2014;Muğla;37;5;2;2;0;0;0;1;27;;;;;;;;;
2014;Muş;22;0;0;1;0;0;1;0;20;;;;;;;;;
2014;Nevşehir;6;1;4;0;0;0;0;0;1;;;;;;;;;
2014;Niğde;19;3;2;1;0;0;0;1;12;;;;;;;;;
2014;Ordu;31;3;2;2;0;1;0;0;23;;;;;;;;;
2014;Rize;12;4;0;4;0;1;0;1;2;;;;;;;;;
2014;Sakarya;14;6;0;1;0;0;0;0;7;;;;;;;;;
2014;Samsun;44;5;6;5;0;1;1;1;25;;;;;;;;;
2014;Siirt;18;2;0;0;0;1;0;2;13;;;;;;;;;
2014;Sinop;16;2;3;1;0;0;0;0;10;;;;;;;;;
2014;Sivas;26;6;2;2;0;1;0;0;15;;;;;;;;;
2014;Tekirdağ;21;5;5;2;0;1;0;3;5;;;;;;;;;
2014;Tokat;25;6;1;1;0;1;0;0;16;;;;;;;;;
2014;Trabzon;38;1;2;3;0;1;0;0;31;;;;;;;;;
2014;Tunceli;10;1;0;0;0;0;0;2;7;;;;;;;;;
2014;Şanlıurfa;58;6;8;4;0;0;0;5;35;;;;;;;;;
2014;Uşak;18;1;0;1;0;0;0;1;15;;;;;;;;;
2014;Van;42;4;3;2;0;2;1;4;26;;;;;;;;;
2014;Yozgat;6;1;2;0;0;0;0;0;3;;;;;;;;;
2014;Zonguldak;28;4;1;1;0;1;0;0;21;;;;;;;;;
2014;Aksaray;5;1;0;0;0;0;0;0;4;;;;;;;;;
2014;Bayburt;1;1;0;0;0;0;0;0;0;;;;;;;;;
2014;Karaman;11;5;0;0;0;0;0;0;6;;;;;;;;;
2014;Kırıkkale;15;1;0;1;0;1;0;3;9;;;;;;;;;
2014;Batman;20;2;0;0;0;0;0;3;15;;;;;;;;;
2014;Şırnak;21;1;0;1;0;1;0;0;18;;;;;;;;;
2014;Bartın0;2;0;0;0;0;0;0;0;2;;;;;;;;;
2014;Ardahan;6;0;0;1;0;0;0;0;5;;;;;;;;;
2014;Iğdır;6;1;0;0;0;0;0;0;5;;;;;;;;;
2014;Yalova;3;1;0;0;0;0;0;0;2;;;;;;;;;
2014;Karabük;4;1;1;0;0;0;0;1;1;;;;;;;;;
2014;Kilis0;4;1;0;0;0;0;0;1;2;;;;;;;;;
2014;Osmaniye;22;7;3;3;0;3;0;0;6;;;;;;;;;
2014;Düzce;12;1;1;0;0;0;0;1;9;;;;;;;;;
2013;Türkiye;3252;522;302;221;62;109;16;261;1759;;;;;;;;;
2013;Adana;103;18;11;7;3;5;0;3;56;;;;;;;;;
2013;Adıyaman;22;4;1;0;0;0;0;2;15;;;;;;;;;
2013;Afyonkarahisar;40;6;5;5;0;1;0;4;19;;;;;;;;;
2013;Ağrı;25;1;2;1;0;1;0;2;18;;;;;;;;;
2013;Amasya;12;2;1;0;0;0;0;1;8;;;;;;;;;
2013;Ankara;196;43;14;11;2;6;1;9;110;;;;;;;;;
2013;Antalya;100;22;5;4;2;3;0;6;58;;;;;;;;;
2013;Artvin;5;0;0;0;0;0;0;1;4;;;;;;;;;
2013;Aydın;62;17;4;2;2;1;0;12;24;;;;;;;;;
2013;Balıkesir;58;12;7;7;1;2;1;2;26;;;;;;;;;
2013;Bilecik;10;4;1;0;0;1;0;0;4;;;;;;;;;
2013;Bingöl;20;2;1;1;0;0;0;1;15;;;;;;;;;
2013;Bitlis;11;2;2;0;0;1;0;1;5;;;;;;;;;
2013;Bolu;13;3;1;0;1;1;1;1;5;;;;;;;;;
2013;Burdur;17;4;3;0;0;0;0;1;9;;;;;;;;;
2013;Bursa;110;27;7;7;3;3;0;3;60;;;;;;;;;
2013;Çanakkale;23;5;2;3;0;0;0;3;10;;;;;;;;;
2013;Çankırı;8;1;1;0;0;0;0;1;5;;;;;;;;;
2013;Çorum;28;2;3;3;0;4;0;2;14;;;;;;;;;
2013;Denizli;60;8;2;1;1;4;0;3;41;;;;;;;;;
2013;Diyarbakır;81;12;17;3;2;2;0;1;44;;;;;;;;;
2013;Edirne;14;2;1;0;0;0;0;2;9;;;;;;;;;
2013;Elazığ;42;13;1;1;0;0;0;4;23;;;;;;;;;
2013;Erzincan;10;2;0;1;0;0;0;1;6;;;;;;;;;
2013;Erzurum;25;2;1;0;0;0;0;2;20;;;;;;;;;
2013;Eskişehir;50;12;5;4;0;1;0;3;25;;;;;;;;;
2013;Gaziantep;77;10;4;3;0;2;3;7;48;;;;;;;;;
2013;Giresun;14;1;3;3;0;1;0;2;4;;;;;;;;;
2013;Gümüşhane;1;0;0;0;0;0;0;0;1;;;;;;;;;
2013;Hakkari;16;1;0;0;0;0;0;1;14;;;;;;;;;
2013;Hatay;46;5;3;3;1;1;0;2;31;;;;;;;;;
2013;Isparta;25;7;2;3;0;1;1;1;10;;;;;;;;;
2013;Mersin;64;8;6;1;1;0;0;14;34;;;;;;;;;
2013;İstanbul;494;71;35;21;6;17;2;73;269;;;;;;;;;
2013;İzmir;212;23;33;26;16;17;2;0;95;;;;;;;;;
2013;Kars;18;2;2;0;0;0;0;1;13;;;;;;;;;
2013;Kastamonu;16;4;2;0;0;0;0;2;8;;;;;;;;;
2013;Kayseri;57;11;5;4;0;1;0;5;31;;;;;;;;;
2013;Kırklareli;20;2;0;2;0;0;0;1;15;;;;;;;;;
2013;Kırşehir;7;0;1;1;0;0;0;1;4;;;;;;;;;
2013;Kocaeli;62;12;9;8;2;2;0;2;27;;;;;;;;;
2013;Konya;81;13;9;4;1;2;0;4;48;;;;;;;;;
2013;Kütahya;32;8;7;4;1;0;0;2;10;;;;;;;;;
2013;Malatya;31;3;3;2;0;0;1;8;14;;;;;;;;;
2013;Manisa;62;7;6;14;1;2;1;4;27;;;;;;;;;
2013;Kahramanmaraş;32;4;5;0;1;0;0;0;22;;;;;;;;;
2013;Mardin;38;4;5;2;0;3;1;2;21;;;;;;;;;
2013;Muğla;54;7;4;7;2;3;0;4;27;;;;;;;;;
2013;Muş;24;2;3;0;0;0;0;1;18;;;;;;;;;
2013;Nevşehir;12;2;4;2;0;0;0;0;4;;;;;;;;;
2013;Niğde;21;2;1;4;0;1;0;2;11;;;;;;;;;
2013;Ordu;26;4;3;4;0;0;0;4;11;;;;;;;;;
2013;Rize;6;2;1;0;0;0;0;0;3;;;;;;;;;
2013;Sakarya;30;9;3;3;0;3;0;0;12;;;;;;;;;
2013;Samsun;49;7;5;5;4;1;1;2;24;;;;;;;;;
2013;Siirt;13;0;0;1;0;0;0;0;12;;;;;;;;;
2013;Sinop;11;1;1;0;0;2;0;0;7;;;;;;;;;
2013;Sivas;28;6;1;2;0;2;1;2;14;;;;;;;;;
2013;Tekirdağ;43;6;4;11;0;1;0;4;17;;;;;;;;;
2013;Tokat;14;1;4;1;0;0;0;0;8;;;;;;;;;
2013;Trabzon;34;3;0;1;0;1;0;0;29;;;;;;;;;
2013;Tunceli;5;0;1;0;1;0;0;1;2;;;;;;;;;
2013;Şanlıurfa;61;5;6;2;1;0;0;16;31;;;;;;;;;
2013;Uşak;11;1;0;1;1;0;0;1;7;;;;;;;;;
2013;Van;47;3;5;1;0;4;0;2;32;;;;;;;;;
2013;Yozgat;13;1;1;1;0;0;0;0;10;;;;;;;;;
2013;Zonguldak;31;5;3;3;0;0;0;3;17;;;;;;;;;
2013;Aksaray;15;3;1;1;0;0;0;2;8;;;;;;;;;
2013;Bayburt;2;1;0;0;0;0;0;0;1;;;;;;;;;
2013;Karaman;22;3;1;2;2;2;0;6;6;;;;;;;;;
2013;Kırıkkale;13;2;1;0;0;0;0;4;6;;;;;;;;;
2013;Batman;17;3;2;0;2;0;0;1;9;;;;;;;;;
2013;Şırnak;19;2;4;0;0;2;0;0;11;;;;;;;;;
2013;Bartın0;13;0;1;1;0;0;0;0;11;;;;;;;;;
2013;Ardahan;9;1;1;1;0;0;0;1;5;;;;;;;;;
2013;Iğdır;7;3;0;1;0;0;0;0;3;;;;;;;;;
2013;Yalova;5;0;0;1;0;2;0;0;2;;;;;;;;;
2013;Karabük;10;3;0;0;0;0;0;1;6;;;;;;;;;
2013;Kilis0;8;0;0;2;0;0;0;0;6;;;;;;;;;
2013;Osmaniye;19;10;3;0;2;0;0;0;4;;;;;;;;;
2013;Düzce;10;2;0;1;0;0;0;1;6;;;;;;;;;
2012;Türkiye;3287;560;259;250;67;136;19;242;1754;;;;;;;;;
2012;Adana;85;23;14;8;1;4;2;6;27;;;;;;;;;
2012;Adıyaman;14;3;1;0;0;0;0;0;10;;;;;;;;;
2012;Afyonkarahisar;28;8;1;3;0;1;0;2;13;;;;;;;;;
2012;Ağrı;20;0;0;1;0;0;0;4;15;;;;;;;;;
2012;Amasya;9;1;1;2;0;0;0;1;4;;;;;;;;;
2012;Ankara;220;45;14;14;12;5;2;13;115;;;;;;;;;
2012;Antalya;102;15;6;7;1;4;0;7;62;;;;;;;;;
2012;Artvin;7;2;0;1;0;0;0;1;3;;;;;;;;;
2012;Aydın;73;13;11;3;3;1;0;11;31;;;;;;;;;
2012;Balıkesir;53;9;1;4;0;1;0;5;33;;;;;;;;;
2012;Bilecik;11;1;2;1;0;1;0;0;6;;;;;;;;;
2012;Bingöl;17;3;0;0;0;1;0;2;11;;;;;;;;;
2012;Bitlis;13;0;1;1;0;0;0;0;11;;;;;;;;;
2012;Bolu;9;1;1;0;0;0;0;1;6;;;;;;;;;
2012;Burdur;13;4;0;2;0;1;0;0;6;;;;;;;;;
2012;Bursa;135;30;10;10;3;8;0;3;71;;;;;;;;;
2012;Çanakkale;29;3;3;6;0;1;0;1;15;;;;;;;;;
2012;Çankırı;5;0;1;0;0;0;0;1;3;;;;;;;;;
2012;Çorum;34;7;5;0;0;2;0;0;20;;;;;;;;;
2012;Denizli;59;5;6;2;2;5;0;2;37;;;;;;;;;
2012;Diyarbakır;74;14;4;5;2;6;0;4;39;;;;;;;;;
2012;Edirne;28;2;4;5;0;0;0;2;15;;;;;;;;;
2012;Elazığ;34;11;0;1;0;0;0;1;21;;;;;;;;;
2012;Erzincan;12;1;1;0;0;0;0;2;8;;;;;;;;;
2012;Erzurum;21;2;0;2;0;1;0;1;15;;;;;;;;;
2012;Eskişehir;49;16;8;4;0;0;0;3;18;;;;;;;;;
2012;Gaziantep;55;4;4;4;0;2;0;4;37;;;;;;;;;
2012;Giresun;12;3;1;4;0;3;0;1;0;;;;;;;;;
2012;Gümüşhane;3;0;0;0;0;1;0;0;2;;;;;;;;;
2012;Hakkari;10;1;1;0;0;0;0;1;7;;;;;;;;;
2012;Hatay;44;5;3;4;0;2;0;3;27;;;;;;;;;
2012;Isparta;27;8;1;2;0;1;1;1;13;;;;;;;;;
2012;Mersin;90;22;5;2;2;1;0;11;47;;;;;;;;;
2012;İstanbul;542;97;28;28;11;15;2;91;270;;;;;;;;;
2012;İzmir;217;25;34;40;12;17;1;1;87;;;;;;;;;
2012;Kars;15;2;1;1;0;1;1;0;9;;;;;;;;;
2012;Kastamonu;29;9;5;1;0;1;0;2;11;;;;;;;;;
2012;Kayseri;72;8;3;11;0;3;1;3;43;;;;;;;;;
2012;Kırklareli;20;1;0;3;1;1;0;1;13;;;;;;;;;
2012;Kırşehir;7;0;0;1;0;0;1;1;4;;;;;;;;;
2012;Kocaeli;55;8;7;5;2;6;2;2;23;;;;;;;;;
2012;Konya;80;13;4;10;3;7;1;1;41;;;;;;;;;
2012;Kütahya;25;5;4;0;0;0;0;1;15;;;;;;;;;
2012;Malatya;35;10;2;1;0;2;1;4;15;;;;;;;;;
2012;Manisa;48;10;3;5;1;0;1;3;25;;;;;;;;;
2012;Kahramanmaraş;54;9;2;4;0;4;0;1;34;;;;;;;;;
2012;Mardin;34;5;1;1;1;1;0;0;25;;;;;;;;;
2012;Muğla;52;2;6;8;4;4;0;1;27;;;;;;;;;
2012;Muş;30;3;0;1;0;1;0;2;23;;;;;;;;;
2012;Nevşehir;11;0;0;1;0;1;0;2;7;;;;;;;;;
2012;Niğde;14;0;0;1;0;0;0;1;12;;;;;;;;;
2012;Ordu;22;5;0;0;0;3;0;1;13;;;;;;;;;
2012;Rize;13;5;2;0;0;0;0;1;5;;;;;;;;;
2012;Sakarya;24;3;2;3;0;1;0;1;14;;;;;;;;;
2012;Samsun;34;12;4;1;0;1;1;1;14;;;;;;;;;
2012;Siirt;18;2;2;0;0;0;0;1;13;;;;;;;;;
2012;Sinop;8;1;0;0;0;1;0;0;6;;;;;;;;;
2012;Sivas;23;7;3;0;0;1;0;2;10;;;;;;;;;
2012;Tekirdağ;35;6;7;6;0;0;0;0;16;;;;;;;;;
2012;Tokat;29;3;3;3;0;2;0;3;15;;;;;;;;;
2012;Trabzon;21;1;1;1;0;0;0;2;16;;;;;;;;;
2012;Tunceli;3;0;0;0;0;0;0;1;2;;;;;;;;;
2012;Şanlıurfa;70;9;4;1;0;1;1;2;52;;;;;;;;;
2012;Uşak;30;5;5;2;0;3;0;2;13;;;;;;;;;
2012;Van;27;2;2;2;0;1;0;0;20;;;;;;;;;
2012;Yozgat;21;2;1;1;1;1;0;2;13;;;;;;;;;
2012;Zonguldak;30;7;4;0;0;1;0;3;15;;;;;;;;;
2012;Aksaray;12;2;0;1;0;0;0;0;9;;;;;;;;;
2012;Bayburt;4;2;0;1;0;0;0;0;1;;;;;;;;;
2012;Karaman;6;1;0;1;0;2;0;0;2;;;;;;;;;
2012;Kırıkkale;9;0;1;1;1;0;0;2;4;;;;;;;;;
2012;Batman;9;0;0;0;1;0;0;0;8;;;;;;;;;
2012;Şırnak;20;3;2;0;0;0;0;1;14;;;;;;;;;
2012;Bartın0;3;1;0;1;0;0;0;0;1;;;;;;;;;
2012;Ardahan;9;1;1;1;0;0;0;0;6;;;;;;;;;
2012;Iğdır;14;0;0;0;0;0;0;0;14;;;;;;;;;
2012;Yalova;12;4;1;0;0;0;0;3;4;;;;;;;;;
2012;Karabük;14;3;2;1;0;0;0;0;8;;;;;;;;;
2012;Kilis0;4;1;0;0;1;0;0;1;1;;;;;;;;;
2012;Osmaniye;20;3;2;2;2;2;1;0;8;;;;;;;;;
2012;Düzce;8;0;0;1;0;0;0;2;5;;;;;;;;;
2011;Türkiye;2677;519;252;215;60;146;15;222;1248;;;;;;;;;
2011;Adana;84;20;8;12;3;8;0;10;23;;;;;;;;;
2011;Adıyaman;24;5;0;1;0;1;0;4;13;;;;;;;;;
2011;Afyonkarahisar;32;4;2;0;1;4;1;3;17;;;;;;;;;
2011;Ağrı;24;2;0;0;0;0;0;1;21;;;;;;;;;
2011;Amasya;11;3;1;2;0;0;0;0;5;;;;;;;;;
2011;Ankara;172;49;19;19;3;6;4;13;59;;;;;;;;;
2011;Antalya;101;25;9;5;4;10;0;2;46;;;;;;;;;
2011;Artvin;5;0;2;0;0;0;0;0;3;;;;;;;;;
2011;Aydın;69;19;6;5;1;1;0;2;35;;;;;;;;;
2011;Balıkesir;42;11;1;4;0;0;0;9;17;;;;;;;;;
2011;Bilecik;4;2;0;0;0;0;0;1;1;;;;;;;;;
2011;Bingöl;13;0;0;1;0;0;0;0;12;;;;;;;;;
2011;Bitlis;16;2;0;0;0;1;0;2;11;;;;;;;;;
2011;Bolu;8;1;0;0;0;1;0;1;5;;;;;;;;;
2011;Burdur;16;4;1;1;1;0;0;0;9;;;;;;;;;
2011;Bursa;85;19;10;10;0;2;0;6;38;;;;;;;;;
2011;Çanakkale;21;3;3;2;1;1;0;1;10;;;;;;;;;
2011;Çankırı;2;0;0;0;0;0;0;0;2;;;;;;;;;
2011;Çorum;24;3;4;1;0;0;0;0;16;;;;;;;;;
2011;Denizli;57;7;2;7;1;5;0;1;34;;;;;;;;;
2011;Diyarbakır;63;10;4;2;0;6;0;4;37;;;;;;;;;
2011;Edirne;17;5;1;0;0;0;1;0;10;;;;;;;;;
2011;Elazığ;35;6;3;4;0;4;0;1;17;;;;;;;;;
2011;Erzincan;9;1;1;1;0;0;0;1;5;;;;;;;;;
2011;Erzurum;32;5;1;0;0;1;0;1;24;;;;;;;;;
2011;Eskişehir;39;12;5;4;0;3;0;2;13;;;;;;;;;
2011;Gaziantep;57;12;6;2;1;1;1;5;29;;;;;;;;;
2011;Giresun;8;2;0;0;0;0;0;1;5;;;;;;;;;
2011;Gümüşhane;1;0;1;0;0;0;0;0;0;;;;;;;;;
2011;Hakkari;6;1;0;0;0;0;0;1;4;;;;;;;;;
2011;Hatay;34;9;2;1;0;3;0;2;17;;;;;;;;;
2011;Isparta;20;4;0;0;0;1;0;2;13;;;;;;;;;
2011;Mersin;72;11;6;6;1;2;2;7;37;;;;;;;;;
2011;İstanbul;387;93;35;32;11;17;2;97;100;;;;;;;;;
2011;İzmir;149;22;26;33;14;18;1;0;35;;;;;;;;;
2011;Kars;15;2;0;1;1;0;0;0;11;;;;;;;;;
2011;Kastamonu;16;2;7;1;0;1;0;1;4;;;;;;;;;
2011;Kayseri;56;11;12;3;3;4;0;1;22;;;;;;;;;
2011;Kırklareli;19;4;1;2;2;1;0;0;9;;;;;;;;;
2011;Kırşehir;8;1;1;0;0;0;0;1;5;;;;;;;;;
2011;Kocaeli;43;13;5;4;5;3;0;0;13;;;;;;;;;
2011;Konya;58;8;5;7;0;4;0;2;32;;;;;;;;;
2011;Kütahya;24;5;1;2;0;0;0;0;16;;;;;;;;;
2011;Malatya;23;5;1;1;0;0;0;3;13;;;;;;;;;
2011;Manisa;50;6;3;5;1;4;1;6;24;;;;;;;;;
2011;Kahramanmaraş;34;0;2;2;0;4;1;0;25;;;;;;;;;
2011;Mardin;17;2;0;2;1;1;0;1;10;;;;;;;;;
2011;Muğla;47;7;2;3;2;3;0;1;29;;;;;;;;;
2011;Muş;22;2;0;0;0;0;0;0;20;;;;;;;;;
2011;Nevşehir;13;2;1;0;0;0;0;5;5;;;;;;;;;
2011;Niğde;14;2;3;0;0;1;0;0;8;;;;;;;;;
2011;Ordu;24;6;3;0;0;0;0;0;15;;;;;;;;;
2011;Rize;2;1;0;0;0;0;0;0;1;;;;;;;;;
2011;Sakarya;24;0;2;0;0;0;0;0;22;;;;;;;;;
2011;Samsun;30;5;4;1;0;3;0;1;16;;;;;;;;;
2011;Siirt;12;1;4;0;0;0;0;0;7;;;;;;;;;
2011;Sinop;6;1;0;0;0;1;0;1;3;;;;;;;;;
2011;Sivas;16;4;4;1;0;0;0;0;7;;;;;;;;;
2011;Tekirdağ;30;3;2;3;0;3;0;3;16;;;;;;;;;
2011;Tokat;26;4;5;4;0;1;0;0;12;;;;;;;;;
2011;Trabzon;27;5;1;2;1;0;0;2;16;;;;;;;;;
2011;Tunceli;6;1;0;0;0;0;0;1;4;;;;;;;;;
2011;Şanlıurfa;37;10;5;1;0;1;0;0;20;;;;;;;;;
2011;Uşak;21;3;2;5;0;0;0;0;11;;;;;;;;;
2011;Van;52;7;2;2;0;0;0;1;40;;;;;;;;;
2011;Yozgat;8;1;2;0;0;0;0;0;5;;;;;;;;;
2011;Zonguldak;22;4;1;3;0;4;0;3;7;;;;;;;;;
2011;Aksaray;12;2;2;1;2;1;0;0;4;;;;;;;;;
2011;Bayburt;0;0;0;0;0;0;0;0;0;;;;;;;;;
2011;Karaman;11;3;0;1;0;0;0;0;7;;;;;;;;;
2011;Kırıkkale;10;1;2;0;0;1;0;2;4;;;;;;;;;
2011;Batman;29;5;1;0;0;0;0;4;19;;;;;;;;;
2011;Şırnak;9;0;0;1;0;2;0;0;6;;;;;;;;;
2011;Bartın0;8;1;1;1;0;0;0;0;5;;;;;;;;;
2011;Ardahan;12;2;0;1;0;1;0;1;7;;;;;;;;;
2011;Iğdır;8;0;0;0;0;1;1;0;6;;;;;;;;;
2011;Yalova;7;1;3;0;0;0;0;1;2;;;;;;;;;
2011;Karabük;7;1;1;0;0;1;0;1;3;;;;;;;;;
2011;Kilis0;3;1;0;0;0;1;0;0;1;;;;;;;;;
2011;Osmaniye;12;2;2;0;0;2;0;0;6;;;;;;;;;
2011;Düzce;8;0;0;0;0;1;0;0;7;;;;;;;;;
2010;Türkiye;2933;595;296;273;62;136;22;195;1354;;;;;;;;;
2010;Adana;116;25;15;10;3;13;2;16;32;;;;;;;;;
2010;Adıyaman;19;4;0;1;1;0;0;1;12;;;;;;;;;
2010;Afyonkarahisar;30;5;2;1;0;1;0;0;21;;;;;;;;;
2010;Ağrı;24;2;0;0;0;0;0;0;22;;;;;;;;;
2010;Amasya;15;1;2;1;0;0;0;1;10;;;;;;;;;
2010;Ankara;184;56;16;26;8;12;3;5;58;;;;;;;;;
2010;Antalya;105;18;13;9;3;6;0;10;46;;;;;;;;;
2010;Artvin;1;0;0;0;0;0;0;0;1;;;;;;;;;
2010;Aydın;75;12;8;6;6;1;0;3;39;;;;;;;;;
2010;Balıkesir;61;16;3;6;0;3;0;3;30;;;;;;;;;
2010;Bilecik;16;4;1;0;0;0;0;1;10;;;;;;;;;
2010;Bingöl;12;1;0;0;0;2;0;0;9;;;;;;;;;
2010;Bitlis;8;0;2;0;0;0;0;1;5;;;;;;;;;
2010;Bolu;14;2;0;2;0;0;0;0;10;;;;;;;;;
2010;Burdur;14;5;0;1;0;0;0;1;7;;;;;;;;;
2010;Bursa;109;33;17;15;1;9;2;3;29;;;;;;;;;
2010;Çanakkale;30;10;1;4;1;0;0;1;13;;;;;;;;;
2010;Çankırı;7;3;1;1;0;0;0;0;2;;;;;;;;;
2010;Çorum;22;4;3;4;0;1;0;0;10;;;;;;;;;
2010;Denizli;40;3;7;5;0;8;0;4;13;;;;;;;;;
2010;Diyarbakır;83;19;12;4;0;3;1;5;39;;;;;;;;;
2010;Edirne;26;10;2;6;1;1;0;1;5;;;;;;;;;
2010;Elazığ;18;2;6;2;0;1;0;0;7;;;;;;;;;
2010;Erzincan;8;1;0;1;1;0;0;0;5;;;;;;;;;
2010;Erzurum;24;1;3;1;1;2;0;1;15;;;;;;;;;
2010;Eskişehir;46;19;6;4;1;1;0;1;14;;;;;;;;;
2010;Gaziantep;67;14;9;7;0;1;2;8;26;;;;;;;;;
2010;Giresun;14;3;3;0;0;0;0;0;8;;;;;;;;;
2010;Gümüşhane;4;0;0;0;0;0;0;1;3;;;;;;;;;
2010;Hakkari;5;0;0;0;0;1;0;0;4;;;;;;;;;
2010;Hatay;40;5;4;3;1;0;0;4;23;;;;;;;;;
2010;Isparta;17;4;4;3;0;0;0;0;6;;;;;;;;;
2010;Mersin;72;10;4;9;3;4;0;16;26;;;;;;;;;
2010;İstanbul;429;91;29;56;14;18;2;54;165;;;;;;;;;
2010;İzmir;169;29;14;14;0;6;2;3;101;;;;;;;;;
2010;Kars;18;2;1;2;0;2;1;2;8;;;;;;;;;
2010;Kastamonu;13;2;4;1;0;0;0;2;4;;;;;;;;;
2010;Kayseri;47;13;1;2;1;5;0;2;23;;;;;;;;;
2010;Kırklareli;13;2;0;1;0;0;0;0;10;;;;;;;;;
2010;Kırşehir;13;1;2;1;0;1;0;0;8;;;;;;;;;
2010;Kocaeli;39;14;5;2;0;2;1;3;12;;;;;;;;;
2010;Konya;60;11;7;4;0;2;0;6;30;;;;;;;;;
2010;Kütahya;22;5;3;0;1;0;0;0;13;;;;;;;;;
2010;Malatya;27;1;3;5;0;1;0;3;14;;;;;;;;;
2010;Manisa;54;19;5;4;3;2;1;1;19;;;;;;;;;
2010;Kahramanmaraş;41;5;8;4;0;2;0;2;20;;;;;;;;;
2010;Mardin;14;2;1;0;0;1;0;2;8;;;;;;;;;
2010;Muğla;50;11;6;2;2;2;0;1;26;;;;;;;;;
2010;Muş;23;0;1;0;0;0;0;0;22;;;;;;;;;
2010;Nevşehir;11;3;0;2;0;1;0;0;5;;;;;;;;;
2010;Niğde;12;0;3;2;0;1;1;0;5;;;;;;;;;
2010;Ordu;20;7;0;1;1;0;0;2;9;;;;;;;;;
2010;Rize;9;2;2;2;0;0;0;0;3;;;;;;;;;
2010;Sakarya;32;9;1;3;1;2;0;1;15;;;;;;;;;
2010;Samsun;46;11;13;5;2;0;1;0;14;;;;;;;;;
2010;Siirt;8;0;3;1;0;0;0;0;4;;;;;;;;;
2010;Sinop;3;1;1;0;0;0;0;0;1;;;;;;;;;
2010;Sivas;15;4;1;2;0;2;0;0;6;;;;;;;;;
2010;Tekirdağ;39;8;2;5;2;0;0;2;20;;;;;;;;;
2010;Tokat;20;4;0;3;0;1;0;2;10;;;;;;;;;
2010;Trabzon;25;6;2;0;0;0;0;1;16;;;;;;;;;
2010;Tunceli;13;0;3;0;1;0;0;2;7;;;;;;;;;
2010;Şanlıurfa;46;4;3;2;0;0;0;7;30;;;;;;;;;
2010;Uşak;17;3;3;1;0;3;0;1;6;;;;;;;;;
2010;Van;47;0;4;2;0;2;0;1;38;;;;;;;;;
2010;Yozgat;13;3;0;3;0;1;0;1;5;;;;;;;;;
2010;Zonguldak;42;4;1;1;0;2;1;1;32;;;;;;;;;
2010;Aksaray;15;3;2;1;1;0;0;0;8;;;;;;;;;
2010;Bayburt;3;0;0;1;0;0;0;0;2;;;;;;;;;
2010;Karaman;19;9;0;1;1;2;0;0;6;;;;;;;;;
2010;Kırıkkale;11;1;2;2;0;0;0;0;6;;;;;;;;;
2010;Batman;19;2;6;0;0;0;0;0;11;;;;;;;;;
2010;Şırnak;22;3;0;1;1;0;0;1;16;;;;;;;;;
2010;Bartın0;8;2;0;1;0;0;0;1;4;;;;;;;;;
2010;Ardahan;7;0;1;0;0;1;0;0;5;;;;;;;;;
2010;Iğdır;15;0;4;1;0;0;1;2;7;;;;;;;;;
2010;Yalova;8;2;0;0;0;1;0;1;4;;;;;;;;;
2010;Karabük;4;1;2;0;0;1;0;0;0;;;;;;;;;
2010;Kilis0;2;1;0;0;0;1;0;0;0;;;;;;;;;
2010;Osmaniye;14;1;2;0;0;1;1;1;8;;;;;;;;;
2010;Düzce;10;1;1;0;0;0;0;0;8;;;;;;;;;
2009;Türkiye;2898;559;266;318;90;123;15;176;1351;;;;;;;;;
2009;Adana;78;25;7;10;2;2;0;3;29;;;;;;;;;
2009;Adıyaman;22;3;4;0;0;1;2;3;9;;;;;;;;;
2009;Afyonkarahisar;27;4;4;3;0;2;0;0;14;;;;;;;;;
2009;Ağrı;21;2;1;0;0;0;0;1;17;;;;;;;;;
2009;Amasya;8;1;0;0;0;1;0;2;4;;;;;;;;;
2009;Ankara;169;50;14;28;8;6;1;6;56;;;;;;;;;
2009;Antalya;106;20;15;10;4;9;0;3;45;;;;;;;;;
2009;Artvin;5;0;0;0;0;1;0;1;3;;;;;;;;;
2009;Aydın;82;15;10;12;1;1;1;0;42;;;;;;;;;
2009;Balıkesir;57;13;3;8;2;3;0;5;23;;;;;;;;;
2009;Bilecik;15;5;0;2;0;0;0;1;7;;;;;;;;;
2009;Bingöl;9;1;1;1;0;0;0;0;6;;;;;;;;;
2009;Bitlis;11;1;1;1;0;0;0;0;8;;;;;;;;;
2009;Bolu;7;3;1;0;0;1;0;0;2;;;;;;;;;
2009;Burdur;14;2;5;2;1;1;0;0;3;;;;;;;;;
2009;Bursa;98;21;10;17;4;10;0;6;30;;;;;;;;;
2009;Çanakkale;31;6;0;1;0;0;0;0;24;;;;;;;;;
2009;Çankırı;5;0;0;0;1;0;0;1;3;;;;;;;;;
2009;Çorum;27;10;0;4;0;0;0;1;12;;;;;;;;;
2009;Denizli;62;11;6;6;2;1;0;2;34;;;;;;;;;
2009;Diyarbakır;56;5;4;4;0;7;1;3;32;;;;;;;;;
2009;Edirne;21;9;2;5;0;1;0;1;3;;;;;;;;;
2009;Elazığ;32;7;5;1;2;3;0;2;12;;;;;;;;;
2009;Erzincan;6;0;0;0;0;0;0;0;6;;;;;;;;;
2009;Erzurum;23;6;3;0;0;1;1;0;12;;;;;;;;;
2009;Eskişehir;34;8;2;4;0;2;0;0;18;;;;;;;;;
2009;Gaziantep;72;7;12;8;3;5;2;5;30;;;;;;;;;
2009;Giresun;14;5;0;0;1;0;0;0;8;;;;;;;;;
2009;Gümüşhane;3;0;0;0;0;0;0;0;3;;;;;;;;;
2009;Hakkari;4;0;0;0;0;0;0;0;4;;;;;;;;;
2009;Hatay;39;10;5;5;1;0;1;0;17;;;;;;;;;
2009;Isparta;16;3;1;4;0;0;0;0;8;;;;;;;;;
2009;Mersin;74;12;3;6;3;2;0;7;41;;;;;;;;;
2009;İstanbul;403;71;38;52;23;24;2;70;123;;;;;;;;;
2009;İzmir;183;41;14;17;6;3;0;1;101;;;;;;;;;
2009;Kars;17;4;1;0;0;0;1;0;11;;;;;;;;;
2009;Kastamonu;20;5;4;5;0;0;0;0;6;;;;;;;;;
2009;Kayseri;43;14;3;4;6;2;0;3;11;;;;;;;;;
2009;Kırklareli;15;1;1;1;0;0;0;1;11;;;;;;;;;
2009;Kırşehir;14;0;0;1;0;1;0;1;11;;;;;;;;;
2009;Kocaeli;46;11;7;7;2;4;0;2;13;;;;;;;;;
2009;Konya;74;7;4;13;1;2;2;8;37;;;;;;;;;
2009;Kütahya;27;5;3;2;1;0;0;3;13;;;;;;;;;
2009;Malatya;29;6;4;5;0;2;0;0;12;;;;;;;;;
2009;Manisa;56;12;11;8;0;4;0;2;19;;;;;;;;;
2009;Kahramanmaraş;22;6;1;0;0;0;0;1;14;;;;;;;;;
2009;Mardin;11;0;3;0;0;1;0;2;5;;;;;;;;;
2009;Muğla;50;7;1;2;0;3;0;0;37;;;;;;;;;
2009;Muş;19;1;1;0;0;0;1;0;16;;;;;;;;;
2009;Nevşehir;19;0;1;1;0;0;0;0;17;;;;;;;;;
2009;Niğde;17;1;1;4;0;0;0;1;10;;;;;;;;;
2009;Ordu;33;2;5;7;1;1;0;2;15;;;;;;;;;
2009;Rize;13;7;0;1;0;1;0;0;4;;;;;;;;;
2009;Sakarya;34;7;6;3;3;1;0;2;12;;;;;;;;;
2009;Samsun;48;8;2;3;1;0;0;0;34;;;;;;;;;
2009;Siirt;12;1;4;1;0;0;0;0;6;;;;;;;;;
2009;Sinop;11;1;2;1;0;0;0;2;5;;;;;;;;;
2009;Sivas;30;6;3;3;2;4;0;1;11;;;;;;;;;
2009;Tekirdağ;48;12;0;8;6;1;0;1;20;;;;;;;;;
2009;Tokat;25;4;1;1;0;0;0;2;17;;;;;;;;;
2009;Trabzon;19;5;2;1;0;1;0;0;10;;;;;;;;;
2009;Tunceli;11;3;1;0;0;1;0;2;4;;;;;;;;;
2009;Şanlıurfa;45;6;6;3;0;0;0;2;28;;;;;;;;;
2009;Uşak;19;3;1;3;0;0;0;0;12;;;;;;;;;
2009;Van;43;3;1;3;0;1;0;3;32;;;;;;;;;
2009;Yozgat;11;3;1;0;0;0;0;0;7;;;;;;;;;
2009;Zonguldak;37;7;4;8;2;0;0;0;16;;;;;;;;;
2009;Aksaray;17;5;0;2;0;0;0;1;9;;;;;;;;;
2009;Bayburt;1;0;1;0;0;0;0;0;0;;;;;;;;;
2009;Karaman;14;3;0;0;0;1;0;1;9;;;;;;;;;
2009;Kırıkkale;10;0;2;1;0;1;0;3;3;;;;;;;;;
2009;Batman;19;5;2;1;0;1;0;0;10;;;;;;;;;
2009;Şırnak;9;2;3;0;0;0;0;0;4;;;;;;;;;
2009;Bartın0;10;0;0;0;0;0;0;1;9;;;;;;;;;
2009;Ardahan;5;1;1;1;0;0;0;0;2;;;;;;;;;
2009;Iğdır;8;1;1;1;0;1;0;0;4;;;;;;;;;
2009;Yalova;12;1;0;0;0;0;0;1;10;;;;;;;;;
2009;Karabük;10;4;0;0;0;0;0;3;3;;;;;;;;;
2009;Kilis0;4;0;0;1;0;0;0;0;3;;;;;;;;;
2009;Osmaniye;15;1;0;1;0;2;0;0;11;;;;;;;;;
2009;Düzce;12;1;0;0;1;0;0;1;9;;;;;;;;;
2008;Türkiye;2816;648;382;289;119;173;34;139;1032;;;;;;;;;
2008;Adana;78;17;11;10;12;8;2;2;16;;;;;;;;;
2008;Adıyaman;9;1;1;0;0;0;1;2;4;;;;;;;;;
2008;Afyonkarahisar;38;9;15;7;2;2;0;1;2;;;;;;;;;
2008;Ağrı;21;5;1;1;0;2;1;3;8;;;;;;;;;
2008;Amasya;18;5;0;4;1;2;0;1;5;;;;;;;;;
2008;Ankara;173;51;31;17;14;12;0;5;43;;;;;;;;;
2008;Antalya;79;17;9;8;5;6;0;4;30;;;;;;;;;
2008;Artvin;24;0;5;2;0;1;0;6;10;;;;;;;;;
2008;Aydın;65;19;8;16;1;2;0;1;18;;;;;;;;;
2008;Balıkesir;42;6;5;3;3;5;0;1;19;;;;;;;;;
2008;Bilecik;5;1;0;0;1;0;0;0;3;;;;;;;;;
2008;Bingöl;5;0;1;0;0;0;0;0;4;;;;;;;;;
2008;Bitlis;17;2;8;0;0;2;0;1;4;;;;;;;;;
2008;Bolu;13;0;4;3;0;1;0;1;4;;;;;;;;;
2008;Burdur;15;1;7;2;1;1;0;0;3;;;;;;;;;
2008;Bursa;68;17;7;5;4;5;0;2;28;;;;;;;;;
2008;Çanakkale;27;9;4;4;0;2;1;1;6;;;;;;;;;
2008;Çankırı;6;1;1;0;0;0;0;0;4;;;;;;;;;
2008;Çorum;17;1;2;3;0;2;0;1;8;;;;;;;;;
2008;Denizli;44;9;8;7;3;2;1;4;10;;;;;;;;;
2008;Diyarbakır;63;12;4;4;0;2;3;1;37;;;;;;;;;
2008;Edirne;29;9;6;6;1;3;0;4;0;;;;;;;;;
2008;Elazığ;31;12;3;0;0;2;0;1;13;;;;;;;;;
2008;Erzincan;13;5;0;2;0;0;0;2;4;;;;;;;;;
2008;Erzurum;23;5;1;1;0;1;0;0;15;;;;;;;;;
2008;Eskişehir;36;8;5;4;2;0;0;1;16;;;;;;;;;
2008;Gaziantep;55;6;11;4;3;7;0;6;18;;;;;;;;;
2008;Giresun;16;3;3;4;0;2;0;0;4;;;;;;;;;
2008;Gümüşhane;4;1;1;0;0;2;0;0;0;;;;;;;;;
2008;Hakkari;7;0;0;0;0;1;0;3;3;;;;;;;;;
2008;Hatay;30;5;2;1;3;1;0;1;17;;;;;;;;;
2008;Isparta;18;3;3;3;0;2;1;0;6;;;;;;;;;
2008;Mersin;95;22;11;9;3;7;1;2;40;;;;;;;;;
2008;İstanbul;370;97;41;48;20;22;4;4;134;;;;;;;;;
2008;İzmir;172;42;20;15;4;12;2;5;72;;;;;;;;;
2008;Kars;29;3;9;2;0;2;0;6;7;;;;;;;;;
2008;Kastamonu;22;4;3;1;2;0;0;1;11;;;;;;;;;
2008;Kayseri;46;10;11;7;3;3;2;1;9;;;;;;;;;
2008;Kırklareli;17;5;4;2;1;1;2;0;2;;;;;;;;;
2008;Kırşehir;15;1;4;4;1;0;0;0;5;;;;;;;;;
2008;Kocaeli;48;14;5;3;3;1;2;5;15;;;;;;;;;
2008;Konya;77;24;16;13;2;3;0;1;18;;;;;;;;;
2008;Kütahya;30;13;1;4;1;1;0;0;10;;;;;;;;;
2008;Malatya;30;9;2;3;1;2;0;1;12;;;;;;;;;
2008;Manisa;61;12;10;11;4;2;0;1;21;;;;;;;;;
2008;Kahramanmaraş;37;10;5;4;1;1;1;4;11;;;;;;;;;
2008;Mardin;22;8;3;0;0;1;0;4;6;;;;;;;;;
2008;Muğla;38;6;1;6;3;1;2;4;15;;;;;;;;;
2008;Muş;13;0;1;0;0;1;0;1;10;;;;;;;;;
2008;Nevşehir;14;1;0;3;0;1;1;0;8;;;;;;;;;
2008;Niğde;10;1;2;3;0;1;1;0;2;;;;;;;;;
2008;Ordu;30;8;2;1;0;1;1;0;17;;;;;;;;;
2008;Rize;17;4;1;0;0;1;1;4;6;;;;;;;;;
2008;Sakarya;24;7;4;3;2;1;0;2;5;;;;;;;;;
2008;Samsun;46;10;6;3;2;1;0;1;23;;;;;;;;;
2008;Siirt;12;2;1;1;0;0;0;0;8;;;;;;;;;
2008;Sinop;14;6;2;0;1;1;0;1;3;;;;;;;;;
2008;Sivas;22;7;1;1;3;1;1;2;6;;;;;;;;;
2008;Tekirdağ;45;10;5;1;1;10;1;1;16;;;;;;;;;
2008;Tokat;30;6;2;0;0;2;0;3;17;;;;;;;;;
2008;Trabzon;17;4;3;3;0;0;0;2;5;;;;;;;;;
2008;Tunceli;5;2;1;0;0;0;0;0;2;;;;;;;;;
2008;Şanlıurfa;69;9;13;6;1;1;1;5;33;;;;;;;;;
2008;Uşak;17;3;2;1;0;1;0;3;7;;;;;;;;;
2008;Van;59;6;8;2;1;3;0;0;39;;;;;;;;;
2008;Yozgat;11;5;0;1;1;0;0;0;4;;;;;;;;;
2008;Zonguldak;15;5;4;2;0;0;0;1;3;;;;;;;;;
2008;Aksaray;16;1;2;0;0;0;0;1;12;;;;;;;;;
2008;Bayburt;3;1;0;0;0;0;0;1;1;;;;;;;;;
2008;Karaman;9;7;0;0;0;0;0;0;2;;;;;;;;;
2008;Kırıkkale;9;3;1;1;0;1;0;0;3;;;;;;;;;
2008;Batman;29;3;2;0;0;3;0;10;11;;;;;;;;;
2008;Şırnak;7;1;1;1;0;1;0;0;3;;;;;;;;;
2008;Bartın0;13;3;0;0;0;0;0;0;10;;;;;;;;;
2008;Ardahan;7;0;1;0;0;1;1;2;2;;;;;;;;;
2008;Iğdır;13;2;3;0;0;2;0;3;3;;;;;;;;;
2008;Yalova;5;0;0;1;1;0;0;1;2;;;;;;;;;
2008;Karabük;7;3;0;1;0;0;0;0;3;;;;;;;;;
2008;Kilis0;8;0;0;0;0;0;0;0;8;;;;;;;;;
2008;Osmaniye;13;3;0;1;1;2;0;1;5;;;;;;;;;
2008;Düzce;9;5;1;0;0;0;0;0;3;;;;;;;;;
2007;Türkiye;2793;581;408;263;60;161;27;59;1234;;;;;;;;;
2007;Adana;70;18;9;11;1;5;0;3;23;;;;;;;;;
2007;Adıyaman;16;1;2;1;0;4;1;1;6;;;;;;;;;
2007;Afyonkarahisar;17;1;4;2;0;2;0;1;7;;;;;;;;;
2007;Ağrı;23;0;2;1;1;0;0;1;18;;;;;;;;;
2007;Amasya;7;4;1;0;0;0;0;0;2;;;;;;;;;
2007;Ankara;181;38;27;16;10;10;1;12;67;;;;;;;;;
2007;Antalya;107;21;17;13;6;4;1;12;33;;;;;;;;;
2007;Artvin;28;3;4;0;0;0;2;0;19;;;;;;;;;
2007;Aydın;55;19;5;14;2;3;0;0;12;;;;;;;;;
2007;Balıkesir;55;7;5;2;0;2;0;0;39;;;;;;;;;
2007;Bilecik;13;3;1;3;0;2;0;0;4;;;;;;;;;
2007;Bingöl;12;3;0;0;0;1;0;0;8;;;;;;;;;
2007;Bitlis;14;2;4;0;1;0;0;0;7;;;;;;;;;
2007;Bolu;17;1;6;0;0;0;0;0;10;;;;;;;;;
2007;Burdur;15;2;1;1;0;0;0;0;11;;;;;;;;;
2007;Bursa;69;13;5;7;0;1;1;1;41;;;;;;;;;
2007;Çanakkale;36;4;13;5;1;1;2;0;10;;;;;;;;;
2007;Çankırı;6;1;0;0;0;1;0;0;4;;;;;;;;;
2007;Çorum;18;5;4;0;0;1;0;0;8;;;;;;;;;
2007;Denizli;43;13;7;4;3;2;0;0;14;;;;;;;;;
2007;Diyarbakır;68;12;7;4;1;7;1;1;35;;;;;;;;;
2007;Edirne;11;4;3;2;0;0;0;1;1;;;;;;;;;
2007;Elazığ;23;5;2;2;0;2;0;0;12;;;;;;;;;
2007;Erzincan;6;1;1;0;0;0;0;0;4;;;;;;;;;
2007;Erzurum;24;1;2;0;0;2;0;0;19;;;;;;;;;
2007;Eskişehir;38;12;3;4;0;3;1;0;15;;;;;;;;;
2007;Gaziantep;43;11;4;5;1;3;0;0;19;;;;;;;;;
2007;Giresun;13;2;4;2;0;0;0;0;5;;;;;;;;;
2007;Gümüşhane;3;1;1;0;0;1;0;0;0;;;;;;;;;
2007;Hakkari;8;0;0;0;0;1;0;0;7;;;;;;;;;
2007;Hatay;36;5;5;4;1;3;0;0;18;;;;;;;;;
2007;Isparta;20;1;4;3;0;1;0;0;11;;;;;;;;;
2007;Mersin;54;15;10;4;3;2;0;1;19;;;;;;;;;
2007;İstanbul;392;91;48;41;9;28;3;3;169;;;;;;;;;
2007;İzmir;159;40;25;18;5;6;0;3;62;;;;;;;;;
2007;Kars;20;0;7;0;2;2;0;0;9;;;;;;;;;
2007;Kastamonu;21;7;3;4;0;0;0;0;7;;;;;;;;;
2007;Kayseri;29;6;3;2;0;5;0;0;13;;;;;;;;;
2007;Kırklareli;25;3;3;5;1;4;0;1;8;;;;;;;;;
2007;Kırşehir;20;3;3;1;2;0;0;0;11;;;;;;;;;
2007;Kocaeli;44;9;7;7;2;6;1;0;12;;;;;;;;;
2007;Konya;85;27;7;7;0;3;0;0;41;;;;;;;;;
2007;Kütahya;34;9;3;2;0;3;2;0;15;;;;;;;;;
2007;Malatya;24;9;4;1;0;0;0;1;9;;;;;;;;;
2007;Manisa;48;8;7;8;0;2;0;1;22;;;;;;;;;
2007;Kahramanmaraş;30;4;4;5;0;3;0;1;13;;;;;;;;;
2007;Mardin;16;5;2;0;0;1;0;0;8;;;;;;;;;
2007;Muğla;31;5;2;2;0;0;2;0;20;;;;;;;;;
2007;Muş;20;1;4;0;0;1;0;0;14;;;;;;;;;
2007;Nevşehir;11;0;0;1;0;0;0;0;10;;;;;;;;;
2007;Niğde;15;3;3;0;0;0;0;0;9;;;;;;;;;
2007;Ordu;29;9;1;5;0;1;2;1;10;;;;;;;;;
2007;Rize;11;2;3;0;0;0;0;1;5;;;;;;;;;
2007;Sakarya;33;8;6;6;3;2;0;0;8;;;;;;;;;
2007;Samsun;72;18;11;5;1;7;1;2;27;;;;;;;;;
2007;Siirt;29;2;7;2;1;0;0;1;16;;;;;;;;;
2007;Sinop;10;4;1;1;0;0;0;0;4;;;;;;;;;
2007;Sivas;33;7;1;5;1;1;0;0;18;;;;;;;;;
2007;Tekirdağ;45;6;6;3;0;4;0;0;26;;;;;;;;;
2007;Tokat;27;2;10;1;1;3;0;0;10;;;;;;;;;
2007;Trabzon;24;10;4;2;0;0;0;0;8;;;;;;;;;
2007;Tunceli;2;2;0;0;0;0;0;0;0;;;;;;;;;
2007;Şanlıurfa;57;9;13;3;0;1;2;0;29;;;;;;;;;
2007;Uşak;17;6;1;1;0;1;0;0;8;;;;;;;;;
2007;Van;47;3;9;1;0;1;2;1;30;;;;;;;;;
2007;Yozgat;11;4;1;0;0;1;0;0;5;;;;;;;;;
2007;Zonguldak;34;5;8;5;0;3;0;0;13;;;;;;;;;
2007;Aksaray;13;2;0;0;0;1;0;0;10;;;;;;;;;
2007;Bayburt;1;0;0;1;0;0;0;0;0;;;;;;;;;
2007;Karaman;14;5;1;4;0;0;0;0;4;;;;;;;;;
2007;Kırıkkale;10;2;3;3;0;0;0;1;1;;;;;;;;;
2007;Batman;20;2;5;1;1;2;1;4;4;;;;;;;;;
2007;Şırnak;12;1;1;0;0;2;0;0;8;;;;;;;;;
2007;Bartın0;13;2;0;0;0;0;0;0;11;;;;;;;;;
2007;Ardahan;5;0;1;0;0;0;0;1;3;;;;;;;;;
2007;Iğdır;8;0;4;0;0;0;0;3;1;;;;;;;;;
2007;Yalova;5;1;1;0;0;1;0;0;2;;;;;;;;;
2007;Karabük;7;5;0;0;0;0;1;0;1;;;;;;;;;
2007;Kilis0;2;0;1;0;0;0;0;0;1;;;;;;;;;
2007;Osmaniye;19;4;8;0;0;2;0;0;5;;;;;;;;;
2007;Düzce;10;1;3;0;0;0;0;0;6;;;;;;;;;
2006;Türkiye;2829;512;373;215;56;154;33;107;1379;;;;;;;;;
2006;Adana;86;27;17;9;2;2;2;1;26;;;;;;;;;
2006;Adıyaman;18;6;0;0;0;5;0;0;7;;;;;;;;;
2006;Afyonkarahisar;34;6;5;4;0;2;0;2;15;;;;;;;;;
2006;Ağrı;24;4;4;1;0;0;0;0;15;;;;;;;;;
2006;Amasya;9;2;0;0;0;0;0;1;6;;;;;;;;;
2006;Ankara;166;32;21;10;1;5;2;0;95;;;;;;;;;
2006;Antalya;99;16;14;13;4;10;2;2;38;;;;;;;;;
2006;Artvin;9;3;0;1;0;0;0;0;5;;;;;;;;;
2006;Aydın;59;11;6;10;3;6;0;1;22;;;;;;;;;
2006;Balıkesir;53;5;5;0;0;0;0;7;36;;;;;;;;;
2006;Bilecik;5;0;1;1;0;0;1;0;2;;;;;;;;;
2006;Bingöl;15;1;0;0;0;0;0;0;14;;;;;;;;;
2006;Bitlis;10;3;1;0;0;1;0;0;5;;;;;;;;;
2006;Bolu;12;0;7;0;0;1;0;0;4;;;;;;;;;
2006;Burdur;19;2;4;1;1;3;0;0;8;;;;;;;;;
2006;Bursa;83;19;11;4;2;6;1;2;38;;;;;;;;;
2006;Çanakkale;31;4;4;2;1;1;0;1;18;;;;;;;;;
2006;Çankırı;6;0;1;1;0;1;0;1;2;;;;;;;;;
2006;Çorum;21;4;2;1;0;1;0;0;13;;;;;;;;;
2006;Denizli;44;7;10;5;0;2;0;0;20;;;;;;;;;
2006;Diyarbakır;49;13;7;2;0;3;0;0;24;;;;;;;;;
2006;Edirne;25;2;0;3;1;0;0;1;18;;;;;;;;;
2006;Elazığ;28;2;7;4;0;5;0;0;10;;;;;;;;;
2006;Erzincan;8;2;1;0;0;0;0;1;4;;;;;;;;;
2006;Erzurum;23;3;0;0;0;0;0;0;20;;;;;;;;;
2006;Eskişehir;38;8;4;2;3;0;2;0;19;;;;;;;;;
2006;Gaziantep;25;5;4;2;0;1;0;0;13;;;;;;;;;
2006;Giresun;15;3;2;1;0;0;0;0;9;;;;;;;;;
2006;Gümüşhane;5;3;0;0;0;0;0;1;1;;;;;;;;;
2006;Hakkari;8;0;1;0;0;1;1;0;5;;;;;;;;;
2006;Hatay;29;4;6;3;0;2;0;1;13;;;;;;;;;
2006;Isparta;19;3;0;2;1;0;0;0;13;;;;;;;;;
2006;Mersin;62;15;5;4;3;4;2;0;29;;;;;;;;;
2006;İstanbul;362;48;31;27;9;21;3;32;191;;;;;;;;;
2006;İzmir;145;23;17;23;6;11;1;1;63;;;;;;;;;
2006;Kars;31;5;8;3;0;2;0;0;13;;;;;;;;;
2006;Kastamonu;19;9;2;2;0;1;0;1;4;;;;;;;;;
2006;Kayseri;46;9;7;7;1;2;2;0;18;;;;;;;;;
2006;Kırklareli;15;5;0;2;1;1;0;0;6;;;;;;;;;
2006;Kırşehir;8;0;0;0;0;0;0;1;7;;;;;;;;;
2006;Kocaeli;46;13;3;5;2;2;0;1;20;;;;;;;;;
2006;Konya;70;22;10;3;0;2;1;0;32;;;;;;;;;
2006;Kütahya;23;7;4;3;0;2;0;0;7;;;;;;;;;
2006;Malatya;32;3;2;2;1;2;1;2;19;;;;;;;;;
2006;Manisa;57;13;3;6;2;3;2;1;27;;;;;;;;;
2006;Kahramanmaraş;34;2;4;6;0;2;1;0;19;;;;;;;;;
2006;Mardin;23;1;3;0;0;1;0;1;17;;;;;;;;;
2006;Muğla;44;10;6;2;1;2;0;2;21;;;;;;;;;
2006;Muş;29;1;3;0;1;0;0;0;24;;;;;;;;;
2006;Nevşehir;11;2;2;1;0;0;0;0;6;;;;;;;;;
2006;Niğde;12;3;2;0;0;2;0;0;5;;;;;;;;;
2006;Ordu;62;18;18;1;0;1;0;0;24;;;;;;;;;
2006;Rize;19;5;1;1;0;0;0;4;8;;;;;;;;;
2006;Sakarya;34;8;5;3;1;1;1;2;13;;;;;;;;;
2006;Samsun;55;19;9;3;2;4;2;1;15;;;;;;;;;
2006;Siirt;12;0;4;2;0;2;0;0;4;;;;;;;;;
2006;Sinop;14;0;4;0;0;3;0;1;6;;;;;;;;;
2006;Sivas;30;5;9;0;1;0;1;4;10;;;;;;;;;
2006;Tekirdağ;42;6;5;6;0;0;0;1;24;;;;;;;;;
2006;Tokat;19;0;1;2;0;0;0;0;16;;;;;;;;;
2006;Trabzon;20;7;2;1;0;1;0;5;4;;;;;;;;;
2006;Tunceli;8;3;0;0;0;0;0;0;5;;;;;;;;;
2006;Şanlıurfa;58;12;8;2;0;1;0;4;31;;;;;;;;;
2006;Uşak;9;2;0;0;1;0;0;2;4;;;;;;;;;
2006;Van;90;8;18;1;0;4;0;1;58;;;;;;;;;
2006;Yozgat;13;1;2;2;0;1;0;2;5;;;;;;;;;
2006;Zonguldak;33;5;1;2;0;0;0;2;23;;;;;;;;;
2006;Aksaray;10;0;0;2;0;0;1;0;7;;;;;;;;;
2006;Bayburt;0;0;0;0;0;0;0;0;0;;;;;;;;;
2006;Karaman;14;2;4;0;0;1;1;3;3;;;;;;;;;
2006;Kırıkkale;20;2;3;3;1;3;0;5;3;;;;;;;;;
2006;Batman;25;5;7;0;0;5;0;1;7;;;;;;;;;
2006;Şırnak;10;0;1;1;0;0;0;0;8;;;;;;;;;
2006;Bartın0;19;1;0;0;0;0;0;1;17;;;;;;;;;
2006;Ardahan;10;2;1;0;0;1;0;2;4;;;;;;;;;
2006;Iğdır;7;2;3;1;0;1;0;0;0;;;;;;;;;
2006;Yalova;5;1;0;0;2;0;0;0;2;;;;;;;;;
2006;Karabük;3;2;0;0;0;0;0;0;1;;;;;;;;;
2006;Kilis0;6;0;0;1;0;0;0;1;4;;;;;;;;;
2006;Osmaniye;25;2;7;2;1;5;3;1;4;;;;;;;;;
2006;Düzce;13;3;3;1;1;2;0;0;3;;;;;;;;;
2005;Türkiye;2703;474;363;225;63;176;31;196;1175;;;;;;;;;
2005;Adana;92;17;12;15;3;11;2;0;32;;;;;;;;;
2005;Adıyaman;15;2;1;1;0;4;1;0;6;;;;;;;;;
2005;Afyonkarahisar;28;3;7;0;0;3;0;0;15;;;;;;;;;
2005;Ağrı;29;1;7;0;1;0;0;0;20;;;;;;;;;
2005;Amasya;14;2;3;0;0;0;0;0;9;;;;;;;;;
2005;Ankara;163;35;17;12;6;6;1;2;84;;;;;;;;;
2005;Antalya;56;7;7;1;3;4;0;5;29;;;;;;;;;
2005;Artvin;25;0;4;2;0;1;0;0;18;;;;;;;;;
2005;Aydın;60;23;6;12;2;3;0;0;14;;;;;;;;;
2005;Balıkesir;60;6;6;3;1;3;0;4;37;;;;;;;;;
2005;Bilecik;7;2;0;2;0;0;0;0;3;;;;;;;;;
2005;Bingöl;10;3;2;1;0;0;0;0;4;;;;;;;;;
2005;Bitlis;8;0;3;1;0;0;1;0;3;;;;;;;;;
2005;Bolu;12;2;6;1;0;0;0;1;2;;;;;;;;;
2005;Burdur;17;3;6;0;0;2;0;0;6;;;;;;;;;
2005;Bursa;98;21;24;5;6;7;1;5;29;;;;;;;;;
2005;Çanakkale;27;5;2;1;1;2;0;0;16;;;;;;;;;
2005;Çankırı;3;1;0;0;0;0;0;0;2;;;;;;;;;
2005;Çorum;19;1;3;1;1;2;0;2;9;;;;;;;;;
2005;Denizli;31;10;7;3;2;2;0;3;4;;;;;;;;;
2005;Diyarbakır;43;6;1;1;1;8;0;9;17;;;;;;;;;
2005;Edirne;21;5;2;4;0;0;0;3;7;;;;;;;;;
2005;Elazığ;24;4;4;3;0;5;1;0;7;;;;;;;;;
2005;Erzincan;10;1;0;2;0;0;0;4;3;;;;;;;;;
2005;Erzurum;24;2;1;0;0;0;0;1;20;;;;;;;;;
2005;Eskişehir;31;5;4;4;0;4;0;7;7;;;;;;;;;
2005;Gaziantep;59;10;5;2;3;8;1;2;28;;;;;;;;;
2005;Giresun;16;5;1;1;0;3;0;3;3;;;;;;;;;
2005;Gümüşhane;5;2;1;0;0;1;0;0;1;;;;;;;;;
2005;Hakkari;5;0;0;0;0;4;0;0;1;;;;;;;;;
2005;Hatay;29;6;6;2;0;3;0;2;10;;;;;;;;;
2005;Isparta;16;1;4;3;0;1;0;1;6;;;;;;;;;
2005;Mersin;78;16;10;6;6;7;1;9;23;;;;;;;;;
2005;İstanbul;334;48;32;29;8;9;3;57;148;;;;;;;;;
2005;İzmir;159;23;19;12;1;8;1;23;72;;;;;;;;;
2005;Kars;26;1;11;0;0;1;0;9;4;;;;;;;;;
2005;Kastamonu;19;7;1;0;1;2;0;5;3;;;;;;;;;
2005;Kayseri;24;5;3;5;0;2;0;0;9;;;;;;;;;
2005;Kırklareli;19;4;2;2;0;3;1;0;7;;;;;;;;;
2005;Kırşehir;9;2;0;1;0;1;0;0;5;;;;;;;;;
2005;Kocaeli;38;7;7;8;1;4;0;2;9;;;;;;;;;
2005;Konya;61;21;6;8;2;2;1;0;21;;;;;;;;;
2005;Kütahya;25;13;3;2;0;2;0;2;3;;;;;;;;;
2005;Malatya;32;8;4;5;0;4;0;1;10;;;;;;;;;
2005;Manisa;81;13;7;10;1;7;0;1;42;;;;;;;;;
2005;Kahramanmaraş;30;4;4;2;1;1;0;0;18;;;;;;;;;
2005;Mardin;16;2;2;1;0;1;0;1;9;;;;;;;;;
2005;Muğla;95;15;9;7;2;10;2;2;48;;;;;;;;;
2005;Muş;21;2;4;1;0;0;0;2;12;;;;;;;;;
2005;Nevşehir;14;0;1;0;1;0;0;0;12;;;;;;;;;
2005;Niğde;8;0;2;0;0;1;0;0;5;;;;;;;;;
2005;Ordu;77;13;21;4;0;4;2;2;31;;;;;;;;;
2005;Rize;18;7;2;2;0;1;0;3;3;;;;;;;;;
2005;Sakarya;16;3;2;1;1;1;1;0;7;;;;;;;;;
2005;Samsun;46;11;8;4;0;2;1;0;20;;;;;;;;;
2005;Siirt;17;2;4;1;1;2;2;1;4;;;;;;;;;
2005;Sinop;13;6;3;1;0;0;0;0;3;;;;;;;;;
2005;Sivas;22;4;4;3;0;4;1;3;3;;;;;;;;;
2005;Tekirdağ;29;3;1;4;1;3;0;2;15;;;;;;;;;
2005;Tokat;16;2;3;0;0;0;0;0;11;;;;;;;;;
2005;Trabzon;19;10;1;0;0;0;0;5;3;;;;;;;;;
2005;Tunceli;15;2;0;0;0;0;0;0;13;;;;;;;;;
2005;Şanlıurfa;30;3;2;4;0;0;1;0;20;;;;;;;;;
2005;Uşak;20;5;3;4;0;0;0;1;7;;;;;;;;;
2005;Van;70;1;7;3;0;2;3;2;52;;;;;;;;;
2005;Yozgat;13;3;4;1;0;1;0;0;4;;;;;;;;;
2005;Zonguldak;25;2;4;2;1;0;1;2;13;;;;;;;;;
2005;Aksaray;7;1;2;2;0;0;0;0;2;;;;;;;;;
2005;Bayburt;0;0;0;0;0;0;0;0;0;;;;;;;;;
2005;Karaman;8;1;0;1;1;0;0;1;4;;;;;;;;;
2005;Kırıkkale;12;3;1;1;0;1;1;1;4;;;;;;;;;
2005;Batman;11;1;4;1;0;0;0;0;5;;;;;;;;;
2005;Şırnak;21;3;2;0;0;1;0;1;14;;;;;;;;;
2005;Bartın0;9;2;0;0;0;0;0;0;7;;;;;;;;;
2005;Ardahan;4;0;0;0;1;0;0;0;3;;;;;;;;;
2005;Iğdır;5;0;2;0;0;0;0;0;3;;;;;;;;;
2005;Yalova;5;0;0;0;0;0;0;1;4;;;;;;;;;
2005;Karabük;4;2;0;0;0;0;0;1;1;;;;;;;;;
2005;Kilis0;5;2;1;0;0;0;0;0;2;;;;;;;;;
2005;Osmaniye;14;0;2;3;3;2;0;2;2;;;;;;;;;
2005;Düzce;6;0;1;1;0;0;1;0;3;;;;;;;;;
2004;Türkiye;2707;482;429;194;60;169;69;21;1283;;;;;;;;;
2004;Adana;79;17;14;3;3;8;4;2;28;;;;;;;;;
2004;Adıyaman;19;2;2;0;0;2;0;0;13;;;;;;;;;
2004;Afyonkarahisar;25;3;4;2;0;1;0;1;14;;;;;;;;;
2004;Ağrı;34;2;4;0;0;5;0;0;23;;;;;;;;;
2004;Amasya;14;4;2;0;0;2;0;1;5;;;;;;;;;
2004;Ankara;142;37;22;13;4;3;9;1;53;;;;;;;;;
2004;Antalya;74;17;14;8;3;9;1;1;21;;;;;;;;;
2004;Artvin;10;1;3;1;0;0;0;0;5;;;;;;;;;
2004;Aydın;22;7;3;3;2;1;1;0;5;;;;;;;;;
2004;Balıkesir;66;3;8;4;1;2;0;0;48;;;;;;;;;
2004;Bilecik;12;1;3;0;0;0;2;0;6;;;;;;;;;
2004;Bingöl;17;3;1;0;0;3;0;1;9;;;;;;;;;
2004;Bitlis;9;0;1;0;0;0;0;0;8;;;;;;;;;
2004;Bolu;8;2;0;0;0;0;0;0;6;;;;;;;;;
2004;Burdur;14;2;5;0;1;0;0;0;6;;;;;;;;;
2004;Bursa;88;13;17;14;3;6;3;0;32;;;;;;;;;
2004;Çanakkale;33;3;6;3;0;3;1;0;17;;;;;;;;;
2004;Çankırı;9;1;5;0;0;0;1;0;2;;;;;;;;;
2004;Çorum;16;2;4;1;0;1;0;0;8;;;;;;;;;
2004;Denizli;27;4;6;2;0;2;0;0;13;;;;;;;;;
2004;Diyarbakır;58;7;15;3;4;3;2;0;24;;;;;;;;;
2004;Edirne;26;12;2;3;1;0;0;0;8;;;;;;;;;
2004;Elazığ;29;7;6;4;0;4;3;1;4;;;;;;;;;
2004;Erzincan;10;2;2;0;0;1;0;0;5;;;;;;;;;
2004;Erzurum;24;0;2;0;0;0;0;0;22;;;;;;;;;
2004;Eskişehir;34;7;0;4;1;0;0;0;22;;;;;;;;;
2004;Gaziantep;63;11;9;7;2;2;3;1;28;;;;;;;;;
2004;Giresun;21;2;5;1;1;2;1;0;9;;;;;;;;;
2004;Gümüşhane;6;1;0;0;0;1;0;0;4;;;;;;;;;
2004;Hakkari;9;0;0;0;0;1;0;0;8;;;;;;;;;
2004;Hatay;12;1;2;0;1;2;0;0;6;;;;;;;;;
2004;Isparta;20;7;3;3;0;0;0;0;7;;;;;;;;;
2004;Mersin;63;14;5;6;0;4;3;0;31;;;;;;;;;
2004;İstanbul;380;76;53;29;8;24;5;1;184;;;;;;;;;
2004;İzmir;161;26;18;15;5;12;2;2;81;;;;;;;;;
2004;Kars;23;3;6;3;0;0;2;1;8;;;;;;;;;
2004;Kastamonu;30;5;2;2;0;2;1;0;18;;;;;;;;;
2004;Kayseri;27;6;2;1;1;1;1;0;15;;;;;;;;;
2004;Kırklareli;19;4;2;2;0;0;0;0;11;;;;;;;;;
2004;Kırşehir;6;0;0;0;0;0;0;0;6;;;;;;;;;
2004;Kocaeli;32;5;11;3;0;2;3;0;8;;;;;;;;;
2004;Konya;73;21;11;7;1;8;1;0;24;;;;;;;;;
2004;Kütahya;29;5;6;2;2;1;0;0;13;;;;;;;;;
2004;Malatya;38;7;5;0;2;2;0;0;22;;;;;;;;;
2004;Manisa;80;15;11;7;2;6;2;1;36;;;;;;;;;
2004;Kahramanmaraş;32;1;3;1;0;3;5;1;18;;;;;;;;;
2004;Mardin;25;3;6;1;1;1;0;0;13;;;;;;;;;
2004;Muğla;85;10;20;6;1;15;10;4;19;;;;;;;;;
2004;Muş;16;0;3;0;0;2;0;0;11;;;;;;;;;
2004;Nevşehir;17;4;1;1;0;0;0;0;11;;;;;;;;;
2004;Niğde;9;3;1;0;1;0;0;0;4;;;;;;;;;
2004;Ordu;56;9;28;0;1;2;1;0;15;;;;;;;;;
2004;Rize;12;4;0;0;0;0;0;0;8;;;;;;;;;
2004;Sakarya;24;3;3;2;0;1;0;0;15;;;;;;;;;
2004;Samsun;60;17;8;3;1;1;0;1;29;;;;;;;;;
2004;Siirt;12;2;0;0;1;2;0;0;7;;;;;;;;;
2004;Sinop;6;3;1;0;0;1;0;0;1;;;;;;;;;
2004;Sivas;17;5;2;1;0;0;1;0;8;;;;;;;;;
2004;Tekirdağ;27;8;7;1;1;0;0;0;10;;;;;;;;;
2004;Tokat;25;7;3;0;0;1;0;0;14;;;;;;;;;
2004;Trabzon;26;7;3;3;0;1;0;0;12;;;;;;;;;
2004;Tunceli;5;1;1;0;0;0;0;0;3;;;;;;;;;
2004;Şanlıurfa;39;5;8;3;1;3;0;0;19;;;;;;;;;
2004;Uşak;16;1;4;5;0;0;1;0;5;;;;;;;;;
2004;Van;59;0;4;1;0;2;0;0;52;;;;;;;;;
2004;Yozgat;10;1;1;1;0;4;0;0;3;;;;;;;;;
2004;Zonguldak;15;3;4;0;0;0;0;0;8;;;;;;;;;
2004;Aksaray;14;2;1;0;0;0;0;0;11;;;;;;;;;
2004;Bayburt;0;0;0;0;0;0;0;0;0;;;;;;;;;
2004;Karaman;3;0;0;2;0;0;0;0;1;;;;;;;;;
2004;Kırıkkale;8;1;1;1;0;1;0;0;4;;;;;;;;;
2004;Batman;16;1;3;2;0;1;0;0;9;;;;;;;;;
2004;Şırnak;11;0;1;0;0;0;0;0;10;;;;;;;;;
2004;Bartın0;9;1;0;0;0;0;0;0;8;;;;;;;;;
2004;Ardahan;7;0;4;0;0;0;0;0;3;;;;;;;;;
2004;Iğdır;7;2;0;0;0;0;0;0;5;;;;;;;;;
2004;Yalova;8;0;0;1;2;0;0;0;5;;;;;;;;;
2004;Karabük;6;2;1;1;0;0;0;0;2;;;;;;;;;
2004;Kilis0;6;2;1;0;0;0;0;0;3;;;;;;;;;
2004;Osmaniye;13;3;0;1;1;1;0;1;6;;;;;;;;;
2004;Düzce;15;3;4;1;1;1;0;0;5;;;;;;;;;
2003;Türkiye;2705;1018;580;385;147;266;95;214;0;;;;;;;;;
2003;Adana;20;9;4;3;1;0;2;1;0;;;;;;;;;
2003;Adıyaman;18;7;4;2;0;2;1;2;0;;;;;;;;;
2003;Afyonkarahisar;39;16;6;4;3;4;1;5;0;;;;;;;;;
2003;Ağrı;15;8;1;1;0;1;1;3;0;;;;;;;;;
2003;Amasya;11;5;1;3;1;0;1;0;0;;;;;;;;;
2003;Ankara;167;66;20;33;16;14;7;11;0;;;;;;;;;
2003;Antalya;51;19;3;9;8;7;1;4;0;;;;;;;;;
2003;Artvin;7;2;2;0;1;0;1;1;0;;;;;;;;;
2003;Aydın;68;22;12;20;3;8;1;2;0;;;;;;;;;
2003;Balıkesir;49;20;8;10;2;2;1;6;0;;;;;;;;;
2003;Bilecik;10;8;0;2;0;0;0;0;0;;;;;;;;;
2003;Bingöl;13;5;1;2;0;4;0;1;0;;;;;;;;;
2003;Bitlis;4;2;0;0;0;1;0;1;0;;;;;;;;;
2003;Bolu;12;4;5;1;0;1;0;1;0;;;;;;;;;
2003;Burdur;18;13;3;1;0;0;0;1;0;;;;;;;;;
2003;Bursa;58;19;12;9;5;5;1;7;0;;;;;;;;;
2003;Çanakkale;24;14;4;3;1;0;0;2;0;;;;;;;;;
2003;Çankırı;3;1;0;1;1;0;0;0;0;;;;;;;;;
2003;Çorum;41;12;8;7;6;3;3;2;0;;;;;;;;;
2003;Denizli;65;13;25;10;2;10;3;2;0;;;;;;;;;
2003;Diyarbakır;50;20;16;6;0;5;1;2;0;;;;;;;;;
2003;Edirne;9;4;0;1;0;1;0;3;0;;;;;;;;;
2003;Elazığ;35;17;4;3;3;1;3;4;0;;;;;;;;;
2003;Erzincan;7;2;2;0;0;1;1;1;0;;;;;;;;;
2003;Erzurum;22;4;6;3;2;2;0;5;0;;;;;;;;;
2003;Eskişehir;41;20;5;4;0;5;1;6;0;;;;;;;;;
2003;Gaziantep;48;14;7;7;4;9;2;5;0;;;;;;;;;
2003;Giresun;23;8;6;4;0;1;3;1;0;;;;;;;;;
2003;Gümüşhane;3;0;2;0;1;0;0;0;0;;;;;;;;;
2003;Hakkari;3;1;1;0;0;0;1;0;0;;;;;;;;;
2003;Hatay;31;12;5;2;0;11;0;1;0;;;;;;;;;
2003;Isparta;30;14;5;4;0;1;5;1;0;;;;;;;;;
2003;Mersin;73;29;14;14;5;7;1;3;0;;;;;;;;;
2003;İstanbul;315;126;73;38;21;25;7;25;0;;;;;;;;;
2003;İzmir;227;86;49;32;8;22;12;18;0;;;;;;;;;
2003;Kars;19;8;5;3;0;1;1;1;0;;;;;;;;;
2003;Kastamonu;22;10;1;7;1;0;0;3;0;;;;;;;;;
2003;Kayseri;48;20;8;6;4;9;0;1;0;;;;;;;;;
2003;Kırklareli;24;10;4;4;2;1;1;2;0;;;;;;;;;
2003;Kırşehir;11;4;1;3;1;1;0;1;0;;;;;;;;;
2003;Kocaeli;45;22;7;3;0;1;6;6;0;;;;;;;;;
2003;Konya;84;33;15;16;0;11;3;6;0;;;;;;;;;
2003;Kütahya;16;11;1;1;1;0;0;2;0;;;;;;;;;
2003;Malatya;12;4;2;0;1;3;1;1;0;;;;;;;;;
2003;Manisa;62;20;10;21;4;1;0;6;0;;;;;;;;;
2003;Kahramanmaraş;29;13;4;2;3;4;1;2;0;;;;;;;;;
2003;Mardin;12;3;4;2;2;1;0;0;0;;;;;;;;;
2003;Muğla;146;30;66;7;4;23;7;9;0;;;;;;;;;
2003;Muş;23;6;7;2;0;6;1;1;0;;;;;;;;;
2003;Nevşehir;8;4;1;0;0;0;0;3;0;;;;;;;;;
2003;Niğde;10;2;1;1;3;2;0;1;0;;;;;;;;;
2003;Ordu;9;4;1;1;3;0;0;0;0;;;;;;;;;
2003;Rize;14;9;2;2;0;0;0;1;0;;;;;;;;;
2003;Sakarya;28;14;8;3;2;0;0;1;0;;;;;;;;;
2003;Samsun;39;10;10;8;2;3;2;4;0;;;;;;;;;
2003;Siirt;9;2;1;0;0;3;0;3;0;;;;;;;;;
2003;Sinop;14;8;2;2;2;0;0;0;0;;;;;;;;;
2003;Sivas;16;6;3;4;0;3;0;0;0;;;;;;;;;
2003;Tekirdağ;45;19;9;5;4;2;1;5;0;;;;;;;;;
2003;Tokat;24;11;1;6;1;1;1;3;0;;;;;;;;;
2003;Trabzon;25;8;6;4;1;3;3;0;0;;;;;;;;;
2003;Tunceli;9;5;1;2;0;1;0;0;0;;;;;;;;;
2003;Şanlıurfa;23;8;6;5;2;0;0;2;0;;;;;;;;;
2003;Uşak;24;8;4;9;0;1;1;1;0;;;;;;;;;
2003;Van;58;14;30;1;3;5;0;5;0;;;;;;;;;
2003;Yozgat;17;6;5;2;1;1;2;0;0;;;;;;;;;
2003;Zonguldak;27;7;10;2;2;5;0;1;0;;;;;;;;;
2003;Aksaray;10;5;2;0;0;2;0;1;0;;;;;;;;;
2003;Bayburt;0;0;0;0;0;0;0;0;0;;;;;;;;;
2003;Karaman;8;2;5;1;0;0;0;0;0;;;;;;;;;
2003;Kırıkkale;23;9;4;3;0;5;0;2;0;;;;;;;;;
2003;Batman;20;5;4;1;2;4;0;4;0;;;;;;;;;
2003;Şırnak;15;8;2;0;0;1;0;4;0;;;;;;;;;
2003;Bartın0;13;4;6;1;0;2;0;0;0;;;;;;;;;
2003;Ardahan;10;5;2;0;0;1;0;2;0;;;;;;;;;
2003;Iğdır;6;4;2;0;0;0;0;0;0;;;;;;;;;
2003;Yalova;7;1;1;1;1;0;1;2;0;;;;;;;;;
2003;Karabük;6;4;0;0;0;1;1;0;0;;;;;;;;;
2003;Kilis0;6;3;1;1;0;1;0;0;0;;;;;;;;;
2003;Osmaniye;14;5;1;2;1;4;0;1;0;;;;;;;;;
2003;Düzce;5;2;0;2;0;0;1;0;0;;;;;;;;;
2002;Türkiye;2301;895;493;327;91;239;88;168;0;;;;;;;;;
2002;Adana;51;18;9;8;3;4;5;4;0;;;;;;;;;
2002;Adıyaman;27;13;7;3;0;0;0;4;0;;;;;;;;;
2002;Afyonkarahisar;20;9;5;3;0;1;1;1;0;;;;;;;;;
2002;Ağrı;55;10;16;2;1;6;0;20;0;;;;;;;;;
2002;Amasya;22;16;2;3;0;0;1;0;0;;;;;;;;;
2002;Ankara;220;89;39;31;12;21;13;15;0;;;;;;;;;
2002;Antalya;52;22;8;6;6;7;0;3;0;;;;;;;;;
2002;Artvin;1;1;0;0;0;0;0;0;0;;;;;;;;;
2002;Aydın;20;6;4;4;1;4;0;1;0;;;;;;;;;
2002;Balıkesir;33;15;5;8;3;0;1;1;0;;;;;;;;;
2002;Bilecik;5;2;0;0;1;1;0;1;0;;;;;;;;;
2002;Bingöl;2;0;1;0;0;0;0;1;0;;;;;;;;;
2002;Bitlis;8;2;1;2;0;1;0;2;0;;;;;;;;;
2002;Bolu;3;2;1;0;0;0;0;0;0;;;;;;;;;
2002;Burdur;9;0;3;2;0;0;1;3;0;;;;;;;;;
2002;Bursa;110;45;26;16;3;12;2;6;0;;;;;;;;;
2002;Çanakkale;17;2;3;4;1;2;1;4;0;;;;;;;;;
2002;Çankırı;5;1;0;0;0;3;0;1;0;;;;;;;;;
2002;Çorum;14;2;7;0;0;5;0;0;0;;;;;;;;;
2002;Denizli;31;14;4;5;0;6;0;2;0;;;;;;;;;
2002;Diyarbakır;50;22;14;7;1;4;2;0;0;;;;;;;;;
2002;Edirne;16;7;1;1;2;1;2;2;0;;;;;;;;;
2002;Elazığ;16;5;3;2;0;4;0;2;0;;;;;;;;;
2002;Erzincan;4;1;1;0;1;0;0;1;0;;;;;;;;;
2002;Erzurum;13;3;5;2;0;2;0;1;0;;;;;;;;;
2002;Eskişehir;51;15;6;7;1;11;3;8;0;;;;;;;;;
2002;Gaziantep;48;12;8;10;4;3;1;10;0;;;;;;;;;
2002;Giresun;11;6;0;0;0;2;0;3;0;;;;;;;;;
2002;Gümüşhane;1;1;0;0;0;0;0;0;0;;;;;;;;;
2002;Hakkari;5;4;1;0;0;0;0;0;0;;;;;;;;;
2002;Hatay;13;5;3;2;1;1;0;1;0;;;;;;;;;
2002;Isparta;21;8;5;1;1;2;1;3;0;;;;;;;;;
2002;Mersin;36;18;6;3;4;4;0;1;0;;;;;;;;;
2002;İstanbul;315;93;65;66;17;41;12;21;0;;;;;;;;;
2002;İzmir;191;95;40;24;3;19;5;5;0;;;;;;;;;
2002;Kars;28;7;9;7;2;1;0;2;0;;;;;;;;;
2002;Kastamonu;13;3;5;3;1;0;0;1;0;;;;;;;;;
2002;Kayseri;27;11;4;5;3;2;0;2;0;;;;;;;;;
2002;Kırklareli;12;7;2;2;1;0;0;0;0;;;;;;;;;
2002;Kırşehir;5;0;1;1;1;0;2;0;0;;;;;;;;;
2002;Kocaeli;37;9;7;7;1;6;3;4;0;;;;;;;;;
2002;Konya;41;18;7;5;4;4;1;2;0;;;;;;;;;
2002;Kütahya;9;4;2;1;0;0;1;1;0;;;;;;;;;
2002;Malatya;10;5;0;3;0;0;2;0;0;;;;;;;;;
2002;Manisa;34;11;11;10;1;1;0;0;0;;;;;;;;;
2002;Kahramanmaraş;41;28;6;1;1;3;1;1;0;;;;;;;;;
2002;Mardin;10;1;7;0;1;0;1;0;0;;;;;;;;;
2002;Muğla;176;58;65;14;1;17;14;7;0;;;;;;;;;
2002;Muş;19;7;6;1;1;4;0;0;0;;;;;;;;;
2002;Nevşehir;8;2;0;4;0;1;0;1;0;;;;;;;;;
2002;Niğde;2;2;0;0;0;0;0;0;0;;;;;;;;;
2002;Ordu;7;5;1;1;0;0;0;0;0;;;;;;;;;
2002;Rize;7;6;0;1;0;0;0;0;0;;;;;;;;;
2002;Sakarya;7;4;1;1;0;1;0;0;0;;;;;;;;;
2002;Samsun;24;9;3;6;0;3;1;2;0;;;;;;;;;
2002;Siirt;3;1;1;0;0;1;0;0;0;;;;;;;;;
2002;Sinop;5;4;0;0;0;1;0;0;0;;;;;;;;;
2002;Sivas;21;10;5;3;0;2;1;0;0;;;;;;;;;
2002;Tekirdağ;26;13;2;5;0;1;2;3;0;;;;;;;;;
2002;Tokat;16;8;1;3;0;2;0;2;0;;;;;;;;;
2002;Trabzon;15;8;3;0;0;1;0;3;0;;;;;;;;;
2002;Tunceli;9;5;0;1;1;2;0;0;0;;;;;;;;;
2002;Şanlıurfa;33;14;8;2;1;4;2;2;0;;;;;;;;;
2002;Uşak;2;1;1;0;0;0;0;0;0;;;;;;;;;
2002;Van;25;15;6;1;1;1;0;1;0;;;;;;;;;
2002;Yozgat;8;0;1;2;1;3;1;0;0;;;;;;;;;
2002;Zonguldak;13;9;2;0;0;1;0;1;0;;;;;;;;;
2002;Aksaray;11;4;2;2;1;0;0;2;0;;;;;;;;;
2002;Bayburt;0;0;0;0;0;0;0;0;0;;;;;;;;;
2002;Karaman;5;2;1;1;0;1;0;0;0;;;;;;;;;
2002;Kırıkkale;7;4;0;3;0;0;0;0;0;;;;;;;;;
2002;Batman;6;3;2;1;0;0;0;0;0;;;;;;;;;
2002;Şırnak;6;1;4;0;0;1;0;0;0;;;;;;;;;
2002;Bartın0;5;1;2;1;0;0;1;0;0;;;;;;;;;
2002;Ardahan;5;3;1;0;0;0;1;0;0;;;;;;;;;
2002;Iğdır;13;5;5;2;0;1;0;0;0;;;;;;;;;
2002;Yalova;4;2;2;0;0;0;0;0;0;;;;;;;;;
2002;Karabük;3;1;0;2;0;0;0;0;0;;;;;;;;;
2002;Kilis0;2;2;0;0;0;0;0;0;0;;;;;;;;;
2002;Osmaniye;34;12;7;2;2;6;2;3;0;;;;;;;;;
2002;Düzce;11;6;1;1;0;1;1;1;0;;;;;;;;;
2001;Türkiye;2584;743;644;525;148;314;59;151;0;;;;;;;;;
2001;Adana;66;16;8;21;4;4;0;13;0;;;;;;;;;
2001;Adıyaman;28;5;3;4;0;1;4;11;0;;;;;;;;;
2001;Afyonkarahisar;19;4;5;2;0;1;0;7;0;;;;;;;;;
2001;Ağrı;14;4;3;1;0;0;0;6;0;;;;;;;;;
2001;Amasya;43;24;7;3;0;2;3;4;0;;;;;;;;;
2001;Ankara;227;53;47;53;18;22;5;29;0;;;;;;;;;
2001;Antalya;52;11;14;10;2;6;1;8;0;;;;;;;;;
2001;Artvin;7;2;0;2;0;0;2;1;0;;;;;;;;;
2001;Aydın;58;21;15;14;2;1;1;4;0;;;;;;;;;
2001;Balıkesir;40;14;10;9;4;3;0;0;0;;;;;;;;;
2001;Bilecik;10;2;2;5;0;0;0;1;0;;;;;;;;;
2001;Bingöl;7;2;3;0;0;2;0;0;0;;;;;;;;;
2001;Bitlis;9;4;3;0;0;1;0;1;0;;;;;;;;;
2001;Bolu;13;8;2;1;1;1;0;0;0;;;;;;;;;
2001;Burdur;10;0;4;4;1;0;0;1;0;;;;;;;;;
2001;Bursa;103;35;21;18;8;10;5;6;0;;;;;;;;;
2001;Çanakkale;20;9;0;1;3;4;0;3;0;;;;;;;;;
2001;Çankırı;5;0;3;1;0;1;0;0;0;;;;;;;;;
2001;Çorum;12;5;3;3;0;0;0;1;0;;;;;;;;;
2001;Denizli;30;12;2;7;2;5;1;1;0;;;;;;;;;
2001;Diyarbakır;48;10;18;9;1;6;0;4;0;;;;;;;;;
2001;Edirne;23;7;3;9;1;1;0;2;0;;;;;;;;;
2001;Elazığ;25;8;7;6;0;1;1;2;0;;;;;;;;;
2001;Erzincan;7;2;1;3;0;0;1;0;0;;;;;;;;;
2001;Erzurum;10;5;2;1;0;1;1;0;0;;;;;;;;;
2001;Eskişehir;33;13;10;2;2;5;0;1;0;;;;;;;;;
2001;Gaziantep;37;5;6;13;4;6;1;2;0;;;;;;;;;
2001;Giresun;12;6;1;1;1;3;0;0;0;;;;;;;;;
2001;Gümüşhane;5;1;3;1;0;0;0;0;0;;;;;;;;;
2001;Hakkari;5;0;2;2;0;1;0;0;0;;;;;;;;;
2001;Hatay;29;7;7;8;0;6;1;0;0;;;;;;;;;
2001;Isparta;30;4;7;7;1;7;2;2;0;;;;;;;;;
2001;Mersin;41;10;11;10;0;7;2;1;0;;;;;;;;;
2001;İstanbul;458;112;116;103;53;55;7;12;0;;;;;;;;;
2001;İzmir;232;67;59;41;18;24;6;17;0;;;;;;;;;
2001;Kars;17;6;5;1;0;3;1;1;0;;;;;;;;;
2001;Kastamonu;21;3;8;5;1;4;0;0;0;;;;;;;;;
2001;Kayseri;51;17;16;6;3;5;2;2;0;;;;;;;;;
2001;Kırklareli;10;3;2;3;0;2;0;0;0;;;;;;;;;
2001;Kırşehir;8;1;2;2;1;1;1;0;0;;;;;;;;;
2001;Kocaeli;42;15;8;9;2;7;0;1;0;;;;;;;;;
2001;Konya;54;19;14;10;2;8;1;0;0;;;;;;;;;
2001;Kütahya;11;6;1;2;0;2;0;0;0;;;;;;;;;
2001;Malatya;31;12;3;10;1;4;0;1;0;;;;;;;;;
2001;Manisa;37;13;8;8;3;5;0;0;0;;;;;;;;;
2001;Kahramanmaraş;44;12;15;8;0;8;0;1;0;;;;;;;;;
2001;Mardin;10;1;3;3;0;3;0;0;0;;;;;;;;;
2001;Muğla;91;22;27;20;3;17;1;1;0;;;;;;;;;
2001;Muş;16;2;10;1;0;3;0;0;0;;;;;;;;;
2001;Nevşehir;10;4;3;2;0;1;0;0;0;;;;;;;;;
2001;Niğde;4;2;1;0;0;1;0;0;0;;;;;;;;;
2001;Ordu;13;5;3;2;0;3;0;0;0;;;;;;;;;
2001;Rize;9;3;1;3;0;2;0;0;0;;;;;;;;;
2001;Sakarya;8;2;4;1;0;1;0;0;0;;;;;;;;;
2001;Samsun;27;9;7;5;1;3;1;1;0;;;;;;;;;
2001;Siirt;1;0;1;0;0;0;0;0;0;;;;;;;;;
2001;Sinop;3;2;0;1;0;0;0;0;0;;;;;;;;;
2001;Sivas;15;6;5;2;0;1;0;1;0;;;;;;;;;
2001;Tekirdağ;21;9;4;6;0;1;0;1;0;;;;;;;;;
2001;Tokat;15;7;4;3;0;1;0;0;0;;;;;;;;;
2001;Trabzon;11;3;2;2;0;1;3;0;0;;;;;;;;;
2001;Tunceli;7;3;1;0;1;2;0;0;0;;;;;;;;;
2001;Şanlıurfa;28;11;5;6;0;5;1;0;0;;;;;;;;;
2001;Uşak;5;2;1;1;0;1;0;0;0;;;;;;;;;
2001;Van;32;8;11;5;0;6;1;1;0;;;;;;;;;
2001;Yozgat;7;2;3;0;1;1;0;0;0;;;;;;;;;
2001;Zonguldak;8;1;5;1;0;1;0;0;0;;;;;;;;;
2001;Aksaray;11;4;3;1;0;2;1;0;0;;;;;;;;;
2001;Bayburt;0;0;0;0;0;0;0;0;0;;;;;;;;;
2001;Karaman;6;2;2;0;1;1;0;0;0;;;;;;;;;
2001;Kırıkkale;9;1;2;4;0;2;0;0;0;;;;;;;;;
2001;Batman;29;7;11;4;1;5;1;0;0;;;;;;;;;
2001;Şırnak;2;1;1;0;0;0;0;0;0;;;;;;;;;
2001;Bartın0;28;13;10;2;0;3;0;0;0;;;;;;;;;
2001;Ardahan;9;4;2;0;0;3;0;0;0;;;;;;;;;
2001;Iğdır;6;1;2;1;0;2;0;0;0;;;;;;;;;
2001;Yalova;7;1;4;1;0;1;0;0;0;;;;;;;;;
2001;Karabük;7;6;1;0;0;0;0;0;0;;;;;;;;;
2001;Kilis0;4;0;2;2;0;0;0;0;0;;;;;;;;;
2001;Osmaniye;30;4;13;6;1;5;1;0;0;;;;;;;;;
2001;Düzce;1;0;0;1;0;0;0;0;0;;;;;;;;;
2000;Türkiye;1802;500;444;323;84;203;70;178;0;;;;;;;;;
2000;Adana;20;5;5;5;2;1;0;2;0;;;;;;;;;
2000;Adıyaman;17;5;7;2;0;1;1;1;0;;;;;;;;;
2000;Afyonkarahisar;20;4;9;0;1;1;2;3;0;;;;;;;;;
2000;Ağrı;16;2;6;4;0;1;0;3;0;;;;;;;;;
2000;Amasya;4;2;1;1;0;0;0;0;0;;;;;;;;;
2000;Ankara;154;41;48;20;9;13;9;14;0;;;;;;;;;
2000;Antalya;53;20;14;7;2;5;2;3;0;;;;;;;;;
2000;Artvin;3;0;0;0;0;0;2;1;0;;;;;;;;;
2000;Aydın;43;14;11;4;3;2;2;7;0;;;;;;;;;
2000;Balıkesir;16;8;6;0;0;1;0;1;0;;;;;;;;;
2000;Bilecik;4;2;1;1;0;0;0;0;0;;;;;;;;;
2000;Bingöl;0;0;0;0;0;0;0;0;0;;;;;;;;;
2000;Bitlis;11;3;1;2;0;3;0;2;0;;;;;;;;;
2000;Bolu;2;1;1;0;0;0;0;0;0;;;;;;;;;
2000;Burdur;7;2;2;0;0;2;0;1;0;;;;;;;;;
2000;Bursa;81;29;13;15;5;6;3;10;0;;;;;;;;;
2000;Çanakkale;16;5;3;4;0;0;0;4;0;;;;;;;;;
2000;Çankırı;1;0;0;0;0;0;1;0;0;;;;;;;;;
2000;Çorum;18;8;2;2;1;3;1;1;0;;;;;;;;;
2000;Denizli;12;2;3;4;0;0;0;3;0;;;;;;;;;
2000;Diyarbakır;32;6;7;7;0;5;2;5;0;;;;;;;;;
2000;Edirne;16;7;3;3;0;1;0;2;0;;;;;;;;;
2000;Elazığ;20;7;5;5;0;1;0;2;0;;;;;;;;;
2000;Erzincan;2;0;1;0;0;1;0;0;0;;;;;;;;;
2000;Erzurum;7;2;2;1;0;2;0;0;0;;;;;;;;;
2000;Eskişehir;34;7;9;10;1;2;2;3;0;;;;;;;;;
2000;Gaziantep;33;10;10;4;3;1;3;2;0;;;;;;;;;
2000;Giresun;6;2;2;2;0;0;0;0;0;;;;;;;;;
2000;Gümüşhane;3;2;0;1;0;0;0;0;0;;;;;;;;;
2000;Hakkari;9;1;0;4;0;3;0;1;0;;;;;;;;;
2000;Hatay;33;9;4;7;2;6;3;2;0;;;;;;;;;
2000;Isparta;22;4;8;6;2;1;0;1;0;;;;;;;;;
2000;Mersin;47;16;12;7;1;5;3;3;0;;;;;;;;;
2000;İstanbul;244;71;50;53;18;25;6;21;0;;;;;;;;;
2000;İzmir;177;48;55;31;12;11;8;12;0;;;;;;;;;
2000;Kars;26;5;6;3;0;8;0;4;0;;;;;;;;;
2000;Kastamonu;10;4;1;1;1;1;1;1;0;;;;;;;;;
2000;Kayseri;7;0;3;1;0;1;0;2;0;;;;;;;;;
2000;Kırklareli;6;0;2;2;0;2;0;0;0;;;;;;;;;
2000;Kırşehir;9;3;2;2;1;1;0;0;0;;;;;;;;;
2000;Kocaeli;44;10;6;9;1;9;2;7;0;;;;;;;;;
2000;Konya;36;12;8;6;2;1;4;3;0;;;;;;;;;
2000;Kütahya;10;2;4;1;0;3;0;0;0;;;;;;;;;
2000;Malatya;19;5;3;5;1;1;1;3;0;;;;;;;;;
2000;Manisa;37;10;6;11;2;3;2;3;0;;;;;;;;;
2000;Kahramanmaraş;26;7;6;5;1;3;1;3;0;;;;;;;;;
2000;Mardin;8;3;0;2;0;2;0;1;0;;;;;;;;;
2000;Muğla;56;15;18;6;3;10;1;3;0;;;;;;;;;
2000;Muş;11;1;2;0;1;5;0;2;0;;;;;;;;;
2000;Nevşehir;2;0;1;0;0;0;0;1;0;;;;;;;;;
2000;Niğde;7;1;1;1;0;3;0;1;0;;;;;;;;;
2000;Ordu;16;5;3;3;0;2;1;2;0;;;;;;;;;
2000;Rize;3;1;1;0;1;0;0;0;0;;;;;;;;;
2000;Sakarya;12;5;3;2;0;1;0;1;0;;;;;;;;;
2000;Samsun;6;2;1;0;0;3;0;0;0;;;;;;;;;
2000;Siirt;2;0;1;1;0;0;0;0;0;;;;;;;;;
2000;Sinop;4;2;1;0;0;0;0;1;0;;;;;;;;;
2000;Sivas;21;11;3;1;0;3;2;1;0;;;;;;;;;
2000;Tekirdağ;21;8;5;3;1;1;2;1;0;;;;;;;;;
2000;Tokat;16;3;3;7;0;1;0;2;0;;;;;;;;;
2000;Trabzon;7;3;3;0;0;0;0;1;0;;;;;;;;;
2000;Tunceli;1;0;1;0;0;0;0;0;0;;;;;;;;;
2000;Şanlıurfa;19;7;2;5;1;3;0;1;0;;;;;;;;;
2000;Uşak;11;1;5;3;0;1;0;1;0;;;;;;;;;
2000;Van;62;10;20;9;2;13;1;7;0;;;;;;;;;
2000;Yozgat;7;1;2;1;0;2;0;1;0;;;;;;;;;
2000;Zonguldak;8;2;2;3;0;1;0;0;0;;;;;;;;;
2000;Aksaray;13;3;3;3;0;2;1;1;0;;;;;;;;;
2000;Bayburt;0;0;0;0;0;0;0;0;0;;;;;;;;;
2000;Karaman;9;2;2;0;1;2;0;2;0;;;;;;;;;
2000;Kırıkkale;10;1;1;6;1;1;0;0;0;;;;;;;;;
2000;Batman;8;2;2;0;1;2;0;1;0;;;;;;;;;
2000;Şırnak;4;2;2;0;0;0;0;0;0;;;;;;;;;
2000;Bartın0;12;3;0;1;0;3;1;4;0;;;;;;;;;
2000;Ardahan;6;1;1;2;0;1;0;1;0;;;;;;;;;
2000;Iğdır;11;1;4;0;0;4;0;2;0;;;;;;;;;
2000;Yalova;5;0;1;2;0;0;0;2;0;;;;;;;;;
2000;Karabük;4;1;0;3;0;0;0;0;0;;;;;;;;;
2000;Kilis0;2;0;1;0;1;0;0;0;0;;;;;;;;;
2000;Osmaniye;2;0;0;1;0;0;0;1;0;;;;;;;;;
2000;Düzce;  3;  0;  1;  0;  0;  1;  0;  1;  0;;;;;;;;;
;;;;;;;;;;;;;;;;;;;
;;;;;;;;;;;;;;;;;;;
;;;;;;;;;;;;;;;;;;;
;;;;;;;;;;;;;;;;;;;
;;;;;;;;;;;;;;;;;;;
;;;;;;;;;;;;;;;;;;;
;;;;;;;;;;;;;;;;;;;
;;;;;;;;;;;;;;;;;;;
;;;;;;;;;;;;;;;;;;;
;;;;;;;;;;;;;;;;;;;
;;;;;;;;;;;;;;;;;;;
;;;;;;;;;;;;;;;;;;;
;;;;;;;;;;;;;;;;;;;
;;;;;;;;;;;;;;;;;;;
;;;;;;;;;;;;;;;;;;;
;;;;;;;;;;;;;;;;;;;
;;;;;;;;;;;;;;;;;;;
;;;;;;;;;;;;;;;;;;;
;;;;;;;;;;;;;;;;;;;
;;;;;;;;;;;;;;;;;;;
;;;;;;;;;;;;;;;;;;;
;;;;;;;;;;;;;;;;;;;
;;;;;;;;;;;;;;;;;;;
;;;;;;;;;;;;;;;;;;;
;;;;;;;;;;;;;;;;;;;
;;;;;;;;;;;;;;;;;;;
;;;;;;;;;;;;;;;;;;;
;;;;;;;;;;;;;;;;;;;
;;;;;;;;;;;;;;;;;;;
;;;;;;;;;;;;;;;;;;;
;;;;;;;;;;;;;;;;;;;
;;;;;;;;;;;;;;;;;;;
;;;;;;;;;;;;;;;;;;;
;;;;;;;;;;;;;;;;;;;
;;;;;;;;;;;;;;;;;;;
;;;;;;;;;;;;;;;;;;;
;;;;;;;;;;;;;;;;;;;
;;;;;;;;;;;;;;;;;;;
;;;;;;;;;;;;;;;;;;;
;;;;;;;;;;;;;;;;;;;
;;;;;;;;;;;;;;;;;;;
;;;;;;;;;;;;;;;;;;;
;;;;;;;;;;;;;;;;;;;
;;;;;;;;;;;;;;;;;;;
;;;;;;;;;;;;;;;;;;;
;;;;;;;;;;;;;;;;;;;